"レコードID","拠点","商品カテゴリ","プラン・オプション名","年数","管理料年度","商品コード","売上金額","配分金額","作成日時","ロール","更新日時"
"60dee5cc75dcea7e6d160735","彩プロダクツ","プラン","その他","","","SAI1","","","2021/07/02 19:09:16","彩プロダクツ(saiproducts)","2021/07/14 19:45:03"
"60dee5cc75dcea7e6d160737","シニアライフサポート","プラン","遺品整理","","","SEN5","","","2021/07/02 19:09:16","シニアライフサポート(seniorlifesupport)","2021/07/14 19:45:03"
"60dee5cd75dcea7e6d160738","シニアライフサポート","プラン","死後事務委任","","","SEN4","","","2021/07/02 19:09:17","シニアライフサポート(seniorlifesupport)","2021/07/14 19:45:03"
"60dee5cd75dcea7e6d160739","シニアライフサポート","プラン","仏具","","","SEN3","","","2021/07/02 19:09:17","シニアライフサポート(seniorlifesupport)","2021/07/14 19:45:03"
"60dee5cd75dcea7e6d16073a","シニアライフサポート","プラン","墓じまい","","","SEN2","","","2021/07/02 19:09:17","シニアライフサポート(seniorlifesupport)","2021/07/14 19:45:03"
"60dee5cd75dcea7e6d16073b","シニアライフサポート","プラン","葬儀","","","SEN1","","","2021/07/02 19:09:17","シニアライフサポート(seniorlifesupport)","2021/07/14 19:45:04"
"60dee5cd75dcea7e6d16073c","迦桜塔　東京","プラン","パーソナルプラン","","","KAR3","380,000","76,000","2021/07/02 19:09:17","迦桜塔　東京(karouto)","2021/07/14 19:45:04"
"60dee5cd75dcea7e6d16073d","迦桜塔　東京","プラン","パートナープラン","","","KAR2","880,000","176,000","2021/07/02 19:09:17","迦桜塔　東京(karouto)","2021/07/14 19:45:04"
"60dee5cd75dcea7e6d16073e","迦桜塔　東京","プラン","プレミアムプラン","","","KAR1","1,200,000","240,000","2021/07/02 19:09:17","迦桜塔　東京(karouto)","2021/07/14 19:45:04"
"60dee5cd75dcea7e6d16073f","麻布　樹木葬　庭園墓　合同墓","オプション","その他","","","A8","","","2021/07/02 19:09:17","麻布　樹木葬　庭園墓　合同墓(azabu)","2021/07/14 19:45:04"
"60dee5cd75dcea7e6d160740","麻布　樹木葬　庭園墓　合同墓","オプション","彫刻料","","","A7","","","2021/07/02 19:09:17","麻布　樹木葬　庭園墓　合同墓(azabu)","2021/07/14 19:45:04"
"60dee5ce75dcea7e6d160741","麻布　樹木葬　庭園墓　合同墓","プラン","合同墓","","","A6","180,000","40,000","2021/07/02 19:09:18","麻布　樹木葬　庭園墓　合同墓(azabu)","2024/05/15 11:08:30"
"60dee5ce75dcea7e6d160742","麻布　樹木葬　庭園墓　合同墓","プラン","庭園墓E","","","A5","1,800,000","180,000","2021/07/02 19:09:18","麻布　樹木葬　庭園墓　合同墓(azabu)","2021/07/14 19:45:04"
"60dee5ce75dcea7e6d160743","麻布　樹木葬　庭園墓　合同墓","プラン","庭園墓D","","","A4","1,500,000","150,000","2021/07/02 19:09:18","麻布　樹木葬　庭園墓　合同墓(azabu)","2021/07/14 19:45:04"
"60dee5ce75dcea7e6d160744","麻布　樹木葬　庭園墓　合同墓","プラン","庭園墓C","","","A3","900,000","120,000","2021/07/02 19:09:18","麻布　樹木葬　庭園墓　合同墓(azabu)","2024/05/15 11:08:08"
"60dee5ce75dcea7e6d160745","麻布　樹木葬　庭園墓　合同墓","プラン","樹木葬AB2人","","","A2","600,000","120,000","2021/07/02 19:09:18","麻布　樹木葬　庭園墓　合同墓(azabu)","2024/05/15 11:07:39"
"60dee5ce75dcea7e6d160746","麻布　樹木葬　庭園墓　合同墓","プラン","樹木葬AB1人","","","A1","480,000","96,000","2021/07/02 19:09:18","麻布　樹木葬　庭園墓　合同墓(azabu)","2024/05/15 11:07:17"
"60dee5ce75dcea7e6d160747","蒲田庭苑","オプション","その他","","","KA9","","","2021/07/02 19:09:18","蒲田庭苑(kamatateien)","2021/07/14 19:45:05"
"60dee5ce75dcea7e6d160748","蒲田庭苑","オプション","粉骨手数料","","","KA8","25,000","","2021/07/02 19:09:18","蒲田庭苑(kamatateien)","2021/07/14 19:45:05"
"60dee5ce75dcea7e6d160749","蒲田庭苑","オプション","納骨手数料","","","KA7","33,000","","2021/07/02 19:09:18","蒲田庭苑(kamatateien)","2021/07/14 19:45:05"
"60dee5ce75dcea7e6d16074a","蒲田庭苑","オプション","彫刻料","","","KA6","","","2021/07/02 19:09:18","蒲田庭苑(kamatateien)","2021/07/14 19:45:05"
"60dee5cf75dcea7e6d16074b","蒲田庭苑","プラン","桜3年","3年","","KA5","200,000","","2021/07/02 19:09:19","蒲田庭苑(kamatateien)","2021/07/14 19:45:05"
"60dee5cf75dcea7e6d16074c","蒲田庭苑","プラン","桜13年","13年","","KA4","300,000","","2021/07/02 19:09:19","蒲田庭苑(kamatateien)","2021/07/14 19:45:05"
"60dee5cf75dcea7e6d16074d","蒲田庭苑","プラン","桜33年","33年","","KA3","500,000","","2021/07/02 19:09:19","蒲田庭苑(kamatateien)","2021/07/14 19:45:06"
"60dee5cf75dcea7e6d16074e","蒲田庭苑","プラン","奏","最終納骨より13年","","KA2","1,300,000","","2021/07/02 19:09:19","蒲田庭苑(kamatateien)","2021/07/14 19:45:06"
"60dee5cf75dcea7e6d16074f","蒲田庭苑","プラン","安","最終納骨より13年","","KA1","1,800,000","","2021/07/02 19:09:19","蒲田庭苑(kamatateien)","2021/07/14 19:45:06"
"60dee5cf75dcea7e6d160750","市ヶ谷坂の上堂内廟","オプション","その他","","","I9","","","2021/07/02 19:09:19","市ヶ谷坂の上堂内廟(ichigayasakanoue)","2021/07/14 19:45:06"
"60dee5cf75dcea7e6d160751","市ヶ谷坂の上堂内廟","プラン","延長1年","延長1年","","I8","20,000","","2021/07/02 19:09:19","市ヶ谷坂の上堂内廟(ichigayasakanoue)","2022/02/04 15:54:10"
"60dee5cf75dcea7e6d160752","市ヶ谷坂の上堂内廟","オプション","骨壺処分費","","","I7","1,100","1,100","2021/07/02 19:09:19","市ヶ谷坂の上堂内廟(ichigayasakanoue)","2021/07/14 19:45:06"
"60dee5cf75dcea7e6d160753","市ヶ谷坂の上堂内廟","プラン","2人区画10年","最終納骨より10年","","I6","700,000","140,000","2021/07/02 19:09:19","市ヶ谷坂の上堂内廟(ichigayasakanoue)","2021/11/09 10:47:18"
"60dee5cf75dcea7e6d160754","市ヶ谷坂の上堂内廟","プラン","2人区画5年","最終納骨より5年","","I5","500,000","100,000","2021/07/02 19:09:19","市ヶ谷坂の上堂内廟(ichigayasakanoue)","2021/11/09 10:47:10"
"60dee5d075dcea7e6d160755","市ヶ谷坂の上堂内廟","プラン","1人区画30年","30年","","I4","600,000","120,000","2021/07/02 19:09:20","市ヶ谷坂の上堂内廟(ichigayasakanoue)","2021/11/09 10:46:58"
"60dee5d075dcea7e6d160756","市ヶ谷坂の上堂内廟","プラン","1人区画20年","20年","","I3","500,000","100,000","2021/07/02 19:09:20","市ヶ谷坂の上堂内廟(ichigayasakanoue)","2021/11/09 10:46:51"
"60dee5d075dcea7e6d160757","市ヶ谷坂の上堂内廟","プラン","1人区画10年","10年","","I2","400,000","80,000","2021/07/02 19:09:20","市ヶ谷坂の上堂内廟(ichigayasakanoue)","2021/11/09 10:46:39"
"60dee5d075dcea7e6d160758","市ヶ谷坂の上堂内廟","プラン","1人区画5年","5年","","I1","300,000","60,000","2021/07/02 19:09:20","市ヶ谷坂の上堂内廟(ichigayasakanoue)","2021/11/09 10:46:29"
"60dee5d075dcea7e6d160759","世田谷自然の杜","オプション","その他","","","SE10","","","2021/07/02 19:09:20","世田谷自然の杜(setagayasizennomori)","2021/07/14 19:45:07"
"60dee5d075dcea7e6d16075a","世田谷自然の杜","プラン","樹木葬B・C　延長","延長5年","","SE9","100,000","","2021/07/02 19:09:20","世田谷自然の杜(setagayasizennomori)","2022/02/04 15:52:37"
"60dee5d075dcea7e6d16075b","世田谷自然の杜","プラン","樹木葬A　延長","延長5年","","SE8","50,000","","2021/07/02 19:09:20","世田谷自然の杜(setagayasizennomori)","2022/02/04 15:52:28"
"60dee5d075dcea7e6d16075c","世田谷自然の杜","オプション","彫刻料","","","SE7","22,000","22,000","2021/07/02 19:09:20","世田谷自然の杜(setagayasizennomori)","2021/07/14 19:45:07"
"60dee5d075dcea7e6d16075d","世田谷自然の杜","オプション","納骨手数料","","","SE6","11,000","11,000","2021/07/02 19:09:20","世田谷自然の杜(setagayasizennomori)","2021/07/14 19:45:07"
"60dee5d075dcea7e6d16075e","世田谷自然の杜","オプション","粉骨手数料","","","SE5","16,200","1,500","2021/07/02 19:09:20","世田谷自然の杜(setagayasizennomori)","2022/11/12 13:01:02"
"60dee5d175dcea7e6d16075f","世田谷自然の杜","プラン","永","永代","","SE4","1,600,000","700,000","2021/07/02 19:09:21","世田谷自然の杜(setagayasizennomori)","2021/09/11 14:35:30"
"60dee5d175dcea7e6d160760","世田谷自然の杜","プラン","真","最終納骨より5年","","SE3","1,300,000","330,000","2021/07/02 19:09:21","世田谷自然の杜(setagayasizennomori)","2021/09/11 14:35:18"
"60dee5d175dcea7e6d160761","世田谷自然の杜","プラン","行","最終納骨より5年","","SE2","900,000","220,000","2021/07/02 19:09:21","世田谷自然の杜(setagayasizennomori)","2021/09/11 14:35:06"
"60dee5d175dcea7e6d160762","世田谷自然の杜","プラン","草","最終納骨より5年","","SE1","450,000","100,000","2021/07/02 19:09:21","世田谷自然の杜(setagayasizennomori)","2021/09/11 14:34:57"
"60dee5d175dcea7e6d160763","金沢八景令和の杜","オプション","その他","","","K17","","","2021/07/02 19:09:21","横浜令和の杜(yokohamareiwa)","2021/10/12 14:47:37"
"60dee5d175dcea7e6d160764","金沢八景令和の杜","プラン","延長1年","延長1年","","K16","","","2021/07/02 19:09:21","横浜令和の杜(yokohamareiwa)","2022/05/17 18:51:26"
"60dee5d175dcea7e6d160765","金沢八景令和の杜","オプション","骨壺処分費","","","K15","1,100","1,100","2021/07/02 19:09:21","横浜令和の杜(yokohamareiwa)","2021/10/12 14:46:17"
"60dee5d175dcea7e6d160766","金沢八景令和の杜","オプション","墓誌彫刻","","","K14","22,000","22,000","2021/07/02 19:09:21","横浜令和の杜(yokohamareiwa)","2021/10/12 14:46:09"
"60dee5d175dcea7e6d160767","金沢八景令和の杜","オプション","プレート彫刻","","","K13","33,000","33,000","2021/07/02 19:09:21","横浜令和の杜(yokohamareiwa)","2021/10/12 14:45:59"
"60dee5d175dcea7e6d160768","金沢八景令和の杜","プラン","(旧)合葬墓","永代","","K12","100,000","35,000","2021/07/02 19:09:21","横浜令和の杜(yokohamareiwa)","2022/06/14 16:39:16"
"60dee5d275dcea7e6d160769","金沢八景令和の杜","プラン","(旧)家族60年","最終納骨より7年","","K11","1,100,000","385,000","2021/07/02 19:09:22","横浜令和の杜(yokohamareiwa)","2022/06/14 16:39:17"
"60dee5d275dcea7e6d16076a","金沢八景令和の杜","プラン","(旧)家族50年","最終納骨より7年","","K10","950,000","332,500","2021/07/02 19:09:22","横浜令和の杜(yokohamareiwa)","2022/06/14 16:39:17"
"60dee5d275dcea7e6d16076b","金沢八景令和の杜","プラン","(旧)家族30年","最終納骨より7年","","K9","650,000","227,500","2021/07/02 19:09:22","横浜令和の杜(yokohamareiwa)","2022/06/14 16:39:17"
"60dee5d275dcea7e6d16076c","金沢八景令和の杜","プラン","(旧)2人区画33年","最終納骨より33年","","K8","850,000","297,500","2021/07/02 19:09:22","横浜令和の杜(yokohamareiwa)","2022/06/14 16:39:17"
"60dee5d275dcea7e6d16076d","金沢八景令和の杜","プラン","(旧)2人区画23年","最終納骨より23年","","K7","700,000","245,000","2021/07/02 19:09:22","横浜令和の杜(yokohamareiwa)","2022/06/14 16:39:17"
"60dee5d275dcea7e6d16076e","金沢八景令和の杜","プラン","(旧)2人区画13年","最終納骨より13年","","K6","550,000","192,500","2021/07/02 19:09:22","横浜令和の杜(yokohamareiwa)","2022/06/14 16:39:17"
"60dee5d275dcea7e6d16076f","金沢八景令和の杜","プラン","(旧)2人区画7年","最終納骨より7年","","K5","350,000","122,500","2021/07/02 19:09:22","横浜令和の杜(yokohamareiwa)","2022/06/14 16:39:17"
"60dee5d275dcea7e6d160770","金沢八景令和の杜","プラン","(旧)1人区画33年","33年","","K4","650,000","227,500","2021/07/02 19:09:22","横浜令和の杜(yokohamareiwa)","2022/06/14 16:39:18"
"60dee5d275dcea7e6d160771","金沢八景令和の杜","プラン","(旧)1人区画23年","23年","","K3","500,000","175,000","2021/07/02 19:09:22","横浜令和の杜(yokohamareiwa)","2022/06/14 16:39:18"
"60dee5d375dcea7e6d160772","金沢八景令和の杜","プラン","(旧)1人区画13年","13年","","K2","350,000","122,500","2021/07/02 19:09:23","横浜令和の杜(yokohamareiwa)","2022/06/14 16:39:18"
"60dee5d375dcea7e6d160773","金沢八景令和の杜","プラン","(旧)1人区画7年","7年","","K1","200,000","70,000","2021/07/02 19:09:23","横浜令和の杜(yokohamareiwa)","2022/06/14 16:39:18"
"60dee5d375dcea7e6d160774","西湘令和の杜","オプション","その他","","","S14","","","2021/07/02 19:09:23","西湘令和の杜(seishoureiwa)","2021/07/14 19:45:10"
"60dee5d375dcea7e6d160775","西湘令和の杜","オプション","骨壺処分費","","","S13","1,100","1,100","2021/07/02 19:09:23","西湘令和の杜(seishoureiwa)","2021/07/14 19:45:10"
"60dee5d375dcea7e6d160776","西湘令和の杜","オプション","墓誌彫刻","","","S12","22,000","22,000","2021/07/02 19:09:23","西湘令和の杜(seishoureiwa)","2021/07/14 19:45:10"
"60dee5d375dcea7e6d160777","西湘令和の杜","オプション","プレート彫刻","","","S11","33,000","33,000","2021/07/02 19:09:23","西湘令和の杜(seishoureiwa)","2021/07/14 19:45:10"
"60dee5d375dcea7e6d160778","西湘令和の杜","オプション","プレート","","","S10","55,000","55,000","2021/07/02 19:09:23","西湘令和の杜(seishoureiwa)","2021/07/14 19:45:11"
"60dee5d375dcea7e6d160779","西湘令和の杜","プラン","ペット合葬墓","永代","","S9","20,000","8,000","2021/07/02 19:09:23","西湘令和の杜(seishoureiwa)","2021/07/14 19:45:11"
"60dee5d375dcea7e6d16077a","西湘令和の杜","プラン","合葬墓","永代","","S8","100,000","40,000","2021/07/02 19:09:23","西湘令和の杜(seishoureiwa)","2021/07/14 19:45:11"
"60dee5d375dcea7e6d16077b","西湘令和の杜","プラン","ペット区画5年","5年","","S7","80,000","32,000","2021/07/02 19:09:23","西湘令和の杜(seishoureiwa)","2021/07/14 19:45:11"
"60dee5d475dcea7e6d16077c","西湘令和の杜","プラン","家族33年","最終納骨より33年","","S6","700,000","280,000","2021/07/02 19:09:24","西湘令和の杜(seishoureiwa)","2021/07/14 19:45:11"
"60dee5d475dcea7e6d16077d","西湘令和の杜","プラン","家族13年","最終納骨より13年","","S5","400,000","160,000","2021/07/02 19:09:24","西湘令和の杜(seishoureiwa)","2021/07/14 19:45:11"
"60dee5d475dcea7e6d16077e","西湘令和の杜","プラン","2人区画33年","最終納骨より33年","","S4","500,000","200,000","2021/07/02 19:09:24","西湘令和の杜(seishoureiwa)","2021/07/14 19:45:11"
"60dee5d475dcea7e6d16077f","西湘令和の杜","プラン","2人区画13年","最終納骨より13年","","S3","250,000","100,000","2021/07/02 19:09:24","西湘令和の杜(seishoureiwa)","2021/07/14 19:45:11"
"60dee5d475dcea7e6d160780","西湘令和の杜","プラン","1人区画33年","33年","","S2","330,000","132,000","2021/07/02 19:09:24","西湘令和の杜(seishoureiwa)","2021/07/14 19:45:12"
"60dee5d475dcea7e6d160781","西湘令和の杜","プラン","1人区画13年","13年","","S1","130,000","52,000","2021/07/02 19:09:24","西湘令和の杜(seishoureiwa)","2021/07/14 19:45:12"
"60dee5d475dcea7e6d160782","大多喜令和の杜","オプション","その他","","","O10","","","2021/07/02 19:09:24","大多喜令和の杜(otakireiwa)","2021/07/14 19:45:12"
"60dee5d475dcea7e6d160783","大多喜令和の杜","オプション","骨壺処分費","","","O9","1,100","1,100","2021/07/02 19:09:24","大多喜令和の杜(otakireiwa)","2021/07/14 19:45:12"
"60dee5d475dcea7e6d160784","大多喜令和の杜","オプション","墓誌彫刻","","","O8","22,000","22,000","2021/07/02 19:09:24","大多喜令和の杜(otakireiwa)","2021/07/14 19:45:12"
"60dee5d575dcea7e6d160785","大多喜令和の杜","オプション","プレート彫刻","","","O7","33,000","33,000","2021/07/02 19:09:25","大多喜令和の杜(otakireiwa)","2021/07/14 19:45:12"
"60dee5d575dcea7e6d160786","大多喜令和の杜","オプション","プレート","","","O6","55,000","55,000","2021/07/02 19:09:25","大多喜令和の杜(otakireiwa)","2021/07/14 19:45:12"
"60dee5d575dcea7e6d160787","大多喜令和の杜","プラン","ペット合葬墓","永代","","O5","20,000","6,000","2021/07/02 19:09:25","大多喜令和の杜(otakireiwa)","2021/07/14 19:45:12"
"60dee5d575dcea7e6d160788","大多喜令和の杜","プラン","合葬墓","永代","","O4","30,000","9,000","2021/07/02 19:09:25","大多喜令和の杜(otakireiwa)","2021/07/14 19:45:12"
"60dee5d575dcea7e6d160789","大多喜令和の杜","プラン","プレミアムプラン","永代","","O3","250,000","75,000","2021/07/02 19:09:25","大多喜令和の杜(otakireiwa)","2021/07/14 19:45:12"
"60dee5d575dcea7e6d16078a","大多喜令和の杜","プラン","1人区画B","永代","","O2","230,000","69,000","2021/07/02 19:09:25","大多喜令和の杜(otakireiwa)","2021/07/14 19:45:13"
"60dee5d575dcea7e6d16078b","大多喜令和の杜","プラン","1人区画A","永代","","O1","180,000","54,000","2021/07/02 19:09:25","大多喜令和の杜(otakireiwa)","2021/07/14 19:45:13"
"60dee5d575dcea7e6d16078c","新座令和の杜","オプション","その他","","","N18","","","2021/07/02 19:09:25","新座令和の杜(niizareiwa)","2021/07/14 19:45:13"
"60dee5d575dcea7e6d16078d","新座令和の杜","プラン","延長1年","延長1年","","N17","20,000","10,000","2021/07/02 19:09:25","新座令和の杜(niizareiwa)","2022/02/04 15:52:16"
"60dee5d575dcea7e6d16078e","新座令和の杜","オプション","収骨容器","","","N16","16,500","16,500","2021/07/02 19:09:25","新座令和の杜(niizareiwa)","2024/05/01 19:05:01"
"60dee5d675dcea7e6d16078f","新座令和の杜","オプション","家族プレート","","","N15","55,000","55,000","2021/07/02 19:09:26","新座令和の杜(niizareiwa)","2021/07/14 19:45:13"
"60dee5d675dcea7e6d160790","新座令和の杜","オプション","骨壺処分費","","","N14","1,100","1,100","2021/07/02 19:09:26","新座令和の杜(niizareiwa)","2021/07/14 19:45:13"
"60dee5d675dcea7e6d160791","新座令和の杜","オプション","墓誌彫刻","","","N13","22,000","22,000","2021/07/02 19:09:26","新座令和の杜(niizareiwa)","2021/07/14 19:45:14"
"60dee5d675dcea7e6d160792","新座令和の杜","オプション","プレート彫刻","","","N12","33,000","33,000","2021/07/02 19:09:26","新座令和の杜(niizareiwa)","2021/07/14 19:45:14"
"60dee5d675dcea7e6d160793","新座令和の杜","プラン","ペット合葬墓","永代","","N11","11,000","5,500","2021/07/02 19:09:26","新座令和の杜(niizareiwa)","2024/09/21 14:47:56"
"60dee5d675dcea7e6d160794","新座令和の杜","プラン","合葬墓","永代","","N10","50,000","25,000","2021/07/02 19:09:26","新座令和の杜(niizareiwa)","2021/07/14 19:45:14"
"60dee5d675dcea7e6d160795","新座令和の杜","プラン","ペット区画5年","5年","","N9","55,000","27,500","2021/07/02 19:09:26","新座令和の杜(niizareiwa)","2024/09/21 14:48:22"
"60dee5d675dcea7e6d160796","新座令和の杜","プラン","家族30年","最終納骨より3年","","N8","750,000","375,000","2021/07/02 19:09:26","新座令和の杜(niizareiwa)","2021/07/14 19:45:14"
"60dee5d675dcea7e6d160797","新座令和の杜","プラン","2人区画10年","最終納骨より10年","","N7","500,000","250,000","2021/07/02 19:09:26","新座令和の杜(niizareiwa)","2021/07/14 19:45:14"
"60dee5d775dcea7e6d160798","新座令和の杜","プラン","2人区画6年","最終納骨より6年","","N6","450,000","225,000","2021/07/02 19:09:27","新座令和の杜(niizareiwa)","2021/07/14 19:45:14"
"60dee5d775dcea7e6d160799","新座令和の杜","プラン","2人区画3年","最終納骨より3年","","N5","400,000","200,000","2021/07/02 19:09:27","新座令和の杜(niizareiwa)","2021/07/14 19:45:14"
"60dee5d775dcea7e6d16079a","新座令和の杜","プラン","1人区画30年","30年","","N4","500,000","250,000","2021/07/02 19:09:27","新座令和の杜(niizareiwa)","2021/07/14 19:45:15"
"60dee5d775dcea7e6d16079b","新座令和の杜","プラン","1人区画20年","20年","","N3","430,000","215,000","2021/07/02 19:09:27","新座令和の杜(niizareiwa)","2021/07/14 19:45:15"
"60dee5d775dcea7e6d16079c","新座令和の杜","プラン","1人区画10年","10年","","N2","350,000","175,000","2021/07/02 19:09:27","新座令和の杜(niizareiwa)","2021/07/14 19:45:15"
"60dee5d775dcea7e6d16079d","新座令和の杜","プラン","1人区画5年","5年","","N1","280,000","140,000","2021/07/02 19:09:27","新座令和の杜(niizareiwa)","2021/07/14 19:45:15"
"60dee5d775dcea7e6d16079e","横浜令和の杜","プラン","その他","","","Y26","","","2021/07/02 19:09:27","横浜令和の杜(yokohamareiwa)","2023/04/09 16:14:17"
"60dee5d775dcea7e6d16079f","横浜令和の杜","プラン","延長1年","延長1年","","Y21","20,000","7,000","2021/07/02 19:09:27","横浜令和の杜(yokohamareiwa)","2022/02/04 15:52:10"
"60dee5d775dcea7e6d1607a0","横浜令和の杜","オプション","自由彫刻","","","Y20","0","0","2021/07/02 19:09:27","横浜令和の杜(yokohamareiwa)","2021/07/14 19:45:15"
"60dee5d775dcea7e6d1607a1","横浜令和の杜","オプション","収骨容器","","","Y19","16,500","16,500","2021/07/02 19:09:27","横浜令和の杜(yokohamareiwa)","2024/05/01 19:05:21"
"60dee5d875dcea7e6d1607a2","横浜令和の杜","オプション","家族プレート","","","Y18","55,000","55,000","2021/07/02 19:09:28","横浜令和の杜(yokohamareiwa)","2021/07/14 19:45:16"
"60dee5d875dcea7e6d1607a3","横浜令和の杜","オプション","骨壺処分費","","","Y17","1,100","1,100","2021/07/02 19:09:28","横浜令和の杜(yokohamareiwa)","2021/07/14 19:45:16"
"60dee5d875dcea7e6d1607a4","横浜令和の杜","オプション","墓誌彫刻","","","Y16","27,500","27,500","2021/07/02 19:09:28","横浜令和の杜(yokohamareiwa)","2024/05/01 19:03:12"
"60dee5d875dcea7e6d1607a5","横浜令和の杜","オプション","プレート彫刻","","","Y15","33,000","33,000","2021/07/02 19:09:28","横浜令和の杜(yokohamareiwa)","2021/07/14 19:45:16"
"60dee5d875dcea7e6d1607a6","横浜令和の杜","プラン","ペット合葬墓","永代","","Y14","20,000","7,000","2021/07/02 19:09:28","横浜令和の杜(yokohamareiwa)","2021/07/14 19:45:16"
"60dee5d875dcea7e6d1607a7","横浜令和の杜","プラン","合葬墓","永代","","Y13","100,000","35,000","2021/07/02 19:09:28","横浜令和の杜(yokohamareiwa)","2021/07/14 19:45:16"
"60dee5d875dcea7e6d1607a8","横浜令和の杜","プラン","ペット区画5年","5年","","Y12","80,000","28,000","2021/07/02 19:09:28","横浜令和の杜(yokohamareiwa)","2021/09/24 18:29:11"
"60dee5d875dcea7e6d1607a9","横浜令和の杜","プラン","ペット区画3年","3年","","Y11","50,000","17,500","2021/07/02 19:09:28","横浜令和の杜(yokohamareiwa)","2021/07/14 19:45:16"
"60dee5d875dcea7e6d1607aa","横浜令和の杜","プラン","家族60年","最終納骨より3年","","Y10","1,500,000","525,000","2021/07/02 19:09:28","横浜令和の杜(yokohamareiwa)","2021/07/14 19:45:17"
"60dee5d975dcea7e6d1607ab","横浜令和の杜","プラン","家族50年","最終納骨より3年","","Y9","1,350,000","472,500","2021/07/02 19:09:29","横浜令和の杜(yokohamareiwa)","2021/07/14 19:45:17"
"60dee5d975dcea7e6d1607ac","横浜令和の杜","プラン","家族30年","最終納骨より3年","","Y8","900,000","315,000","2021/07/02 19:09:29","横浜令和の杜(yokohamareiwa)","2021/07/14 19:45:17"
"60dee5d975dcea7e6d1607ad","横浜令和の杜","プラン","2人区画10年","最終納骨より10年","","Y7","700,000","245,000","2021/07/02 19:09:29","横浜令和の杜(yokohamareiwa)","2021/07/14 19:45:17"
"60dee5d975dcea7e6d1607ae","横浜令和の杜","プラン","2人区画6年","最終納骨より6年","","Y6","650,000","227,500","2021/07/02 19:09:29","横浜令和の杜(yokohamareiwa)","2021/07/14 19:45:17"
"60dee5d975dcea7e6d1607af","横浜令和の杜","プラン","2人区画3年","最終納骨より3年","","Y5","600,000","210,000","2021/07/02 19:09:29","横浜令和の杜(yokohamareiwa)","2021/07/14 19:45:17"
"60dee5d975dcea7e6d1607b0","横浜令和の杜","プラン","1人区画30年","30年","","Y4","600,000","210,000","2021/07/02 19:09:29","横浜令和の杜(yokohamareiwa)","2021/07/14 19:45:17"
"60dee5d975dcea7e6d1607b1","横浜令和の杜","プラン","1人区画20年","20年","","Y3","500,000","175,000","2021/07/02 19:09:29","横浜令和の杜(yokohamareiwa)","2021/07/14 19:45:17"
"60dee5d975dcea7e6d1607b2","横浜令和の杜","プラン","1人区画10年","10年","","Y2","430,000","150,500","2021/07/02 19:09:29","横浜令和の杜(yokohamareiwa)","2021/07/14 19:45:17"
"60dee5da75dcea7e6d1607b3","横浜令和の杜","プラン","1人区画5年","5年","","Y1","350,000","122,500","2021/07/02 19:09:30","横浜令和の杜(yokohamareiwa)","2021/07/14 19:45:18"
"6117979012e401a023ae7602","谷中天龍の杜","プラン","1人区画7年(寺)","7年","","ten01","450,000","90,000","2021/08/14 19:14:40","谷中天龍の杜(yanakatenryuu)","2021/08/21 14:40:39"
"6117b2271a98d4d3d8a4f13f","谷中天龍の杜","プラン","1人区画7年(彩プロ)","7年","","ten02","450,000","135,000","2021/08/14 21:08:07","谷中天龍の杜(yanakatenryuu)","2021/08/21 14:42:11"
"6117b26fef4fa5dc629e695b","谷中天龍の杜","プラン","1人区画13年(寺)","13年","","ten03","700,000","140,000","2021/08/14 21:09:19","谷中天龍の杜(yanakatenryuu)","2021/08/21 14:41:57"
"6117b2c0753db680b0c40c34","谷中天龍の杜","プラン","1人区画13年(彩プロ)","13年","","ten04","700,000","210,000","2021/08/14 21:10:40","谷中天龍の杜(yanakatenryuu)","2021/08/21 14:41:46"
"611b1017826bb30bb05aa623","谷中天龍の杜","プラン","2人区画7年(寺)","最終納骨より7年","","ten05","600,000","120,000","2021/08/17 10:25:43","谷中天龍の杜(yanakatenryuu)","2024/07/17 19:32:57"
"611b1429149015f08f094398","谷中天龍の杜","プラン","2人区画7年(彩プロ)","最終納骨より7年","","ten06","600,000","180,000","2021/08/17 10:43:05","谷中天龍の杜(yanakatenryuu)","2024/07/17 19:32:47"
"611b14d11e1bcba939d25596","谷中天龍の杜","プラン","2人区画13年(寺)","最終納骨より13年","","ten07","900,000","180,000","2021/08/17 10:45:53","谷中天龍の杜(yanakatenryuu)","2024/07/17 19:32:37"
"611b152a8a3f8de6d5b2883c","谷中天龍の杜","プラン","2人区画13年(彩プロ)","最終納骨より13年","","ten08","900,000","270,000","2021/08/17 10:47:22","谷中天龍の杜(yanakatenryuu)","2024/07/17 19:32:24"
"611b15c1f079f4ee00e8468d","谷中天龍の杜","プラン","家族7年(寺)","最終納骨より7年","","ten09","900,000","180,000","2021/08/17 10:49:53","谷中天龍の杜(yanakatenryuu)","2024/07/17 19:36:30"
"611b15fd0af352c338359bf4","谷中天龍の杜","プラン","家族7年(彩プロ)","最終納骨より7年","","ten10","900,000","270,000","2021/08/17 10:50:53","谷中天龍の杜(yanakatenryuu)","2024/07/17 19:36:24"
"611b16590a8246fadf530901","谷中天龍の杜","プラン","家族13年(寺)","最終納骨より13年","","ten11","1,300,000","260,000","2021/08/17 10:52:25","谷中天龍の杜(yanakatenryuu)","2024/07/17 19:36:12"
"611b19c2d9fa4fb34c9fa346","谷中天龍の杜","プラン","家族13年(彩プロ)","最終納骨より13年","","ten12","1,300,000","390,000","2021/08/17 11:06:58","谷中天龍の杜(yanakatenryuu)","2024/07/17 19:36:02"
"611b1a16a05de3533a4dc281","谷中天龍の杜","プラン","天龍御廟7年(寺)","最終納骨より7年","","ten13","500,000","100,000","2021/08/17 11:08:22","谷中天龍の杜(yanakatenryuu)","2024/07/17 19:35:50"
"611b1a5dd71239bd03720ff0","谷中天龍の杜","プラン","天龍御廟7年(彩プロ)","最終納骨より7年","","ten14","500,000","150,000","2021/08/17 11:09:33","谷中天龍の杜(yanakatenryuu)","2024/07/17 19:35:43"
"611b1abea97ea75d2b4e23dc","谷中天龍の杜","プラン","天龍御廟13年(寺)","最終納骨より13年","","ten15","750,000","150,000","2021/08/17 11:11:10","谷中天龍の杜(yanakatenryuu)","2024/07/17 19:35:24"
"611b1b1365448533388575c2","谷中天龍の杜","プラン","天龍御廟13年(彩プロ)","最終納骨より13年","","ten16","750,000","225,000","2021/08/17 11:12:35","谷中天龍の杜(yanakatenryuu)","2024/07/17 19:35:15"
"611b1db0d77395aa49835926","谷中天龍の杜","プラン","天龍御廟17年(寺)","17年","","ten17","1,000,000","200,000","2021/08/17 11:23:44","谷中天龍の杜(yanakatenryuu)","2021/08/17 11:23:44"
"611b1e0c18ee0cb4c47dc50b","谷中天龍の杜","プラン","天龍御廟17年(彩プロ)","17年","","ten18","1,000,000","300,000","2021/08/17 11:25:16","谷中天龍の杜(yanakatenryuu)","2021/08/17 11:25:16"
"611b1f64c3c3f871011edcf4","谷中天龍の杜","プラン","合葬墓(寺)","永代","","ten19","200,000","40,000","2021/08/17 11:31:00","谷中天龍の杜(yanakatenryuu)","2021/08/17 11:31:00"
"611b1f9d2c985d568270cb16","谷中天龍の杜","プラン","合葬墓(彩プロ)","永代","","ten20","200,000","60,000","2021/08/17 11:31:57","谷中天龍の杜(yanakatenryuu)","2021/08/17 11:31:57"
"611b1fdbc3c3f871011edd33","谷中天龍の杜","オプション","プレート彫刻","","","ten21","33,000","33,000","2021/08/17 11:32:59","谷中天龍の杜(yanakatenryuu)","2021/08/17 11:32:59"
"611b2063cae29e9331cb7c3c","谷中天龍の杜","オプション","墓誌彫刻","","","ten22","22,000","22,000","2021/08/17 11:35:15","谷中天龍の杜(yanakatenryuu)","2021/08/17 11:35:15"
"611b212765d1057d22922b25","谷中天龍の杜","オプション","墓誌追加彫刻","","","ten23","11,000","11,000","2021/08/17 11:38:31","谷中天龍の杜(yanakatenryuu)","2021/08/17 11:38:31"
"611b219bef9fdbceb964187b","谷中天龍の杜","オプション","骨壺処分費","","","ten24","1,100","1,100","2021/08/17 11:40:27","谷中天龍の杜(yanakatenryuu)","2021/08/17 11:40:27"
"611b21ed18ee0cb4c47dc734","谷中天龍の杜","オプション","家族プレート","","","ten26","55,000","55,000","2021/08/17 11:41:49","谷中天龍の杜(yanakatenryuu)","2021/08/21 14:37:22"
"611b2256727002e041544b70","谷中天龍の杜","プラン","延長5年","延長5年","","ten27","100,000","","2021/08/17 11:43:34","谷中天龍の杜(yanakatenryuu)","2022/02/04 15:54:39"
"611b2287cae29e9331cb7caf","谷中天龍の杜","オプション","その他","","","ten28","","","2021/08/17 11:44:23","谷中天龍の杜(yanakatenryuu)","2021/08/21 14:37:07"
"612091a9820ba4950ebf4066","谷中天龍の杜","オプション","粉骨加工料","","","ten25","19,800","19,800","2021/08/21 14:39:53","谷中天龍の杜(yanakatenryuu)","2021/08/21 14:39:53"
"61284e8767f3cd07af213785","大多喜令和の杜","オプション","クリスマスローズ","","","O11","11,000","11,000","2021/08/27 11:31:35","大多喜令和の杜(otakireiwa)","2021/08/27 11:31:35"
"6135ae3b11e32310c923005d","シニアライフサポート","プラン","粉骨加工","","","SEN６","25,000","25,000","2021/09/06 14:59:23","シニアライフサポート(seniorlifesupport)","2021/09/06 15:14:16"
"6135aea8f2825e54b048e58f","シニアライフサポート","プラン","海洋散骨シルバー","","","SEN7","220,000","220,000","2021/09/06 15:01:12","シニアライフサポート(seniorlifesupport)","2021/09/06 15:16:42"
"6135af055129b64ba392530c","シニアライフサポート","プラン","海洋散骨ゴールド","","","SEN8","330,000","330,000","2021/09/06 15:02:45","シニアライフサポート(seniorlifesupport)","2021/09/06 15:17:45"
"6135af38246214bde24786d7","シニアライフサポート","プラン","海洋散骨プラチナ","","","SEN9","550,000","550,000","2021/09/06 15:03:36","シニアライフサポート(seniorlifesupport)","2021/09/06 15:17:55"
"6135af9b7bd306f099d51bc4","シニアライフサポート","プラン","値引き","","","SEN10","","","2021/09/06 15:05:15","シニアライフサポート(seniorlifesupport)","2021/09/06 15:07:15"
"6135b416ba1861380510cec0","シニアライフサポート","プラン","その他","","","SEN11","","","2021/09/06 15:24:22","シニアライフサポート(seniorlifesupport)","2021/09/06 15:24:22"
"613c40f88e5dcdabf0d2e1e2","世田谷自然の杜","プラン","陵","","","SE11","280,000","","2021/09/11 14:39:04","世田谷自然の杜(setagayasizennomori)","2021/09/11 14:39:04"
"617024ca852490fe6dea0c77","彩プロダクツ","プラン","セット墓地","20年","","SAI1","495,000","495,000","2021/10/20 23:16:42","彩プロダクツ(saiproducts)","2024/12/05 11:42:55"
"6170265336bb75449f9a9139","彩プロダクツ","プラン","セット墓地","20年","","SAI1","650,000","650,000","2021/10/20 23:23:15","彩プロダクツ(saiproducts)","2024/12/05 11:42:50"
"6170268581028c19ddb9eef4","彩プロダクツ","プラン","セット墓地","20年","","SAI1","550,000","550,000","2021/10/20 23:24:05","彩プロダクツ(saiproducts)","2024/12/05 11:42:42"
"617027b5cca74756dbf14221","彩プロダクツ","プラン","セット墓地","20年","","SAI1","775,000","775,000","2021/10/20 23:29:09","彩プロダクツ(saiproducts)","2024/12/05 11:42:36"
"6176a4e529cbe2e94425a3cd","横浜令和の杜","プラン","墓地リニューアル","永代","","SAI1","3,927,000","3,927,000","2021/10/25 21:36:53","彩プロダクツ(saiproducts)","2024/12/05 11:42:47"
"6176aa9b4cdd934dca201a7c","横浜令和の杜","プラン","お墓リノベ","永代","","SAI1","3,927,000","3,927,000","2021/10/25 22:01:15","彩プロダクツ(saiproducts)","2024/12/05 11:43:04"
"61837f7dd8e2b896b9313aa1","広尾の杜","オプション","その他","","","HIR36","","","2021/11/04 15:36:45","広尾の杜(hiroo)","2021/11/04 16:15:05"
"618380c50856efe7b14c361d","広尾の杜","オプション","最高級庵治石プレートＬ","ご契約時から20年","","HIR35","198,000","198,000","2021/11/04 15:42:13","広尾の杜(hiroo)","2021/11/04 16:17:19"
"6183895438bcb747c8141d77","広尾の杜","オプション","最高級庵治石プレートＭ","","","HIR34","165,000","165,000","2021/11/04 16:18:44","広尾の杜(hiroo)","2021/11/04 16:21:15"
"618389a5bc46207c3bda1c40","広尾の杜","オプション","最高級庵治石プレートＳ","","","HIR33","110,000","110,000","2021/11/04 16:20:05","広尾の杜(hiroo)","2021/11/04 16:20:05"
"61838ac5353be5a90ad11856","広尾の杜","オプション","庵治錆石プレートＬ","","","HIR32","132,000","132,000","2021/11/04 16:24:53","広尾の杜(hiroo)","2021/11/04 16:24:53"
"61838b097a43cf1bb1d57d4b","広尾の杜","オプション","庵治錆石プレートＭ","","","HIR31","110,000","110,000","2021/11/04 16:26:01","広尾の杜(hiroo)","2021/11/04 16:26:01"
"61838b3f2a9dd1b56becfaca","広尾の杜","オプション","庵治錆石プレートＳ","","","HIR30","88,000","88,000","2021/11/04 16:26:55","広尾の杜(hiroo)","2021/11/04 16:26:55"
"61838b7238bcb747c8141e5c","広尾の杜","オプション","庵治石プレートＬ","","","HIR29","110,000","110,000","2021/11/04 16:27:46","広尾の杜(hiroo)","2021/11/04 16:27:46"
"61838bc0e2d6ec12c7c6c452","広尾の杜","オプション","庵治石プレートＭ","","","HIR28","88,000","88,000","2021/11/04 16:29:04","広尾の杜(hiroo)","2021/11/04 16:29:26"
"61838bf8b63b6522a2cbb8f7","広尾の杜","オプション","庵治石プレートＳ","","","HIR27","55,000","55,000","2021/11/04 16:30:00","広尾の杜(hiroo)","2021/11/04 16:30:00"
"61838c390c4ec375d1fed620","広尾の杜","オプション","骨壺処分費","","","HIR26","1,100","1,100","2021/11/04 16:31:05","広尾の杜(hiroo)","2021/11/04 16:31:05"
"61838ca8159509d818688770","広尾の杜","オプション","墓誌彫刻","","","HIR25","22,000","22,000","2021/11/04 16:32:56","広尾の杜(hiroo)","2021/11/04 16:32:56"
"61838ce0e2d6ec12c7c6c4c1","広尾の杜","オプション","フリー彫刻（Ｌサイズのみ）","","","HIR24","","","2021/11/04 16:33:52","広尾の杜(hiroo)","2023/02/04 18:26:00"
"61838d160856efe7b14c3a87","広尾の杜","オプション","彫刻料","","","HIR23","33,000","33,000","2021/11/04 16:34:46","広尾の杜(hiroo)","2021/11/04 16:34:46"
"61838d89e13d656b532e2648","広尾の杜","オプション","埋葬手数料","","","HIR22","22,000","22,000","2021/11/04 16:36:41","広尾の杜(hiroo)","2021/11/29 14:01:05"
"61838e2a6e51168b6ee47f94","広尾の杜","オプション","粉骨加工料","","","HIR21","26,400","26,400","2021/11/04 16:39:22","広尾の杜(hiroo)","2021/11/04 16:40:28"
"61838ed3b63b6522a2cbb9be","広尾の杜","プラン","ペット合葬墓（檀家）","永代","","HIR19","30,000","15,000","2021/11/04 16:42:11","広尾の杜(hiroo)","2021/11/04 16:42:27"
"61838f1d159509d8186888e2","広尾の杜","プラン","ペット合葬墓（一般）","永代","","HIR18","50,000","25,000","2021/11/04 16:43:25","広尾の杜(hiroo)","2021/11/04 16:43:25"
"61838f53fc2f2a633ff1b9a8","広尾の杜","プラン","合葬墓","永代","","HIR17","300,000","100,000","2021/11/04 16:44:19","広尾の杜(hiroo)","2022/01/18 10:19:30"
"61838fbc412cc96db72c7f4b","広尾の杜","プラン","寂20年","ご契約時から20年","","HIR16","1,300,000","650,000","2021/11/04 16:46:04","広尾の杜(hiroo)","2021/11/04 16:56:45"
"618390020856efe7b14c3be5","広尾の杜","プラン","寂10年","ご契約時から10年","","HIR15","900,000","450,000","2021/11/04 16:47:14","広尾の杜(hiroo)","2021/11/04 16:56:51"
"618390916992ecfeb2a1b28a","広尾の杜","プラン","和家族30年","ご契約時から30年","","HIR14","3,600,000","1,800,000","2021/11/04 16:49:37","広尾の杜(hiroo)","2021/11/04 16:56:55"
"618390f30856efe7b14c3c35","広尾の杜","プラン","和家族20年","ご契約時から20年","","HIR13","2,800,000","1,400,000","2021/11/04 16:51:15","広尾の杜(hiroo)","2021/11/04 16:57:00"
"6183913e1dbc5844950333c0","広尾の杜","プラン","和個別20年","ご契約時から20年","","HIR12","1,700,000","850,000","2021/11/04 16:52:30","広尾の杜(hiroo)","2021/11/04 16:57:05"
"6183916f2ea629a5bd135834","広尾の杜","プラン","和個別10年","ご契約時から10年","","HIR11","1,200,000","600,000","2021/11/04 16:53:19","広尾の杜(hiroo)","2021/11/04 16:57:11"
"618391afe7969e059450373b","広尾の杜","プラン","敬家族30年","ご契約時から30年","","HIR10","2,900,000","1,450,000","2021/11/04 16:54:23","広尾の杜(hiroo)","2021/11/04 16:57:16"
"618391f409896c6c960ec76e","広尾の杜","プラン","敬家族20年","ご契約時から20年","","HIR9","2,200,000","1,100,000","2021/11/04 16:55:32","広尾の杜(hiroo)","2021/11/04 16:57:21"
"6183929c876777aa25928db7","広尾の杜","プラン","敬個別20年","ご契約時から20年","","HIR8","1,300,000","650,000","2021/11/04 16:58:20","広尾の杜(hiroo)","2021/11/04 16:58:20"
"618392e6a5af4d55956099de","広尾の杜","プラン","敬個別10年","ご契約時から10年","","HIR7","900,000","450,000","2021/11/04 16:59:34","広尾の杜(hiroo)","2021/11/04 16:59:34"
"6183932bcab668f3d964395e","広尾の杜","プラン","清家族30年","ご契約時から30年","","HIR6","2,100,000","1,050,000","2021/11/04 17:00:43","広尾の杜(hiroo)","2021/11/04 17:00:43"
"6183937a0856efe7b14c3d81","広尾の杜","プラン","清家族20年","ご契約時から20年","","HIR5","1,550,000","775,000","2021/11/04 17:02:02","広尾の杜(hiroo)","2021/11/04 17:02:02"
"618393bbe13d656b532e29ba","広尾の杜","プラン","清個別20年","ご契約時から20年","","HIR4","900,000","450,000","2021/11/04 17:03:07","広尾の杜(hiroo)","2021/11/04 17:03:07"
"618393edae76eede7e28e775","広尾の杜","プラン","清個別10年","ご契約時から10年","","HIR3","750,000","375,000","2021/11/04 17:03:57","広尾の杜(hiroo)","2021/11/04 17:03:57"
"61839444a8a93316aa705dc3","広尾の杜","プラン","清一人20年","ご契約時から20年","","HIR2","700,000","350,000","2021/11/04 17:05:24","広尾の杜(hiroo)","2021/11/04 17:05:24"
"6183946f6480ffe16ce23f54","広尾の杜","プラン","清一人10年","ご契約時から10年","","HIR1","500,000","250,000","2021/11/04 17:06:07","広尾の杜(hiroo)","2021/11/04 17:06:07"
"618395e2f28464892b8df3f1","広尾の杜","プラン","年間管理費","","","HIR37","","0","2021/11/04 17:12:18","広尾の杜(hiroo)","2021/11/04 17:40:12"
"61ada31d90176010b6fd7168","広尾の杜","プラン","墓誌管理料","","","HIR38","100,000","50,000","2021/12/06 14:43:57","広尾の杜(hiroo)","2024/07/17 18:35:55"
"61c6e5288dd35cc1b7b7e274","広尾の杜","プラン","寂30年","ご契約時から30年","","HIR39","1,600,000","800,000","2021/12/25 18:32:24","広尾の杜(hiroo)","2021/12/25 18:32:24"
"621b4744b13ae1f84909b4ed","世田谷自然の杜","オプション","骨壺処分費","","","SE12","1,100","1,100","2022/02/27 18:41:24","世田谷自然の杜(setagayasizennomori)","2022/02/27 18:41:57"
"628886a54533858d28b0a9d5","朝霞令和の杜","オプション","収骨容器","","","AS16","16,500","16,500","2022/05/21 15:28:53","朝霞令和の杜(asakareiwa)","2024/05/01 19:05:27"
"62888ddaff0dc3301e30c7ae","朝霞令和の杜","オプション","家族プレート","","","AS15","55,000","55,000","2022/05/21 15:59:38","朝霞令和の杜(asakareiwa)","2022/05/21 16:39:49"
"62889784ff0dc3301e30ca38","朝霞令和の杜","オプション","骨壺処分費","","","AS14","1,100","1,100","2022/05/21 16:40:52","朝霞令和の杜(asakareiwa)","2022/05/21 16:40:52"
"628897bd01ac0eb606c5fdb5","朝霞令和の杜","オプション","墓誌彫刻","","","AS13","22,000","22,000","2022/05/21 16:41:49","朝霞令和の杜(asakareiwa)","2022/05/21 16:41:49"
"62889813ff0dc3301e30ca64","朝霞令和の杜","オプション","プレート彫刻","","","AS12","33,000","33,000","2022/05/21 16:43:15","朝霞令和の杜(asakareiwa)","2022/05/21 16:43:15"
"62889c0430375a3c4837af99","朝霞令和の杜","プラン","延長1年","延長1年","","AS11","20,000","10,000","2022/05/21 17:00:04","朝霞令和の杜(asakareiwa)","2022/05/21 17:00:04"
"62889f5fd9e8794c033c2b5c","朝霞令和の杜","プラン","ペット合葬墓","永代","","AS10","20,000","10,000","2022/05/21 17:14:23","朝霞令和の杜(asakareiwa)","2022/05/21 17:14:23"
"62889f956bd30c8675df0ae8","朝霞令和の杜","プラン","合葬墓","永代","","AS9","80,000","40,000","2022/05/21 17:15:17","朝霞令和の杜(asakareiwa)","2022/05/21 17:15:17"
"62889fce4b6590d93bb64253","朝霞令和の杜","プラン","家族30年","最終納骨より3年","","AS8","750,000","375,000","2022/05/21 17:16:14","朝霞令和の杜(asakareiwa)","2023/06/26 16:46:38"
"6288a08668d81738e71b75ca","朝霞令和の杜","プラン","2人区画10年","最終納骨より10年","","AS7","500,000","250,000","2022/05/21 17:19:18","朝霞令和の杜(asakareiwa)","2022/05/21 17:19:18"
"6288a0d568d81738e71b7609","朝霞令和の杜","プラン","2人区画6年","最終納骨より6年","","AS6","450,000","225,000","2022/05/21 17:20:37","朝霞令和の杜(asakareiwa)","2022/05/21 17:20:37"
"6288a105b69123f2b0f86f9e","朝霞令和の杜","プラン","2人区画3年","最終納骨より3年","","AS5","400,000","200,000","2022/05/21 17:21:25","朝霞令和の杜(asakareiwa)","2022/05/21 17:21:25"
"6288a13cd9e8794c033c2bae","朝霞令和の杜","プラン","1人区画20年","20年","","AS4","500,000","250,000","2022/05/21 17:22:20","朝霞令和の杜(asakareiwa)","2022/05/21 17:22:20"
"6288a17501840be48a9b5fd5","朝霞令和の杜","プラン","1人区画10年","10年","","AS3","430,000","215,000","2022/05/21 17:23:17","朝霞令和の杜(asakareiwa)","2022/05/21 17:23:17"
"6288a1a0c024116a98606109","朝霞令和の杜","プラン","1人区画6年","6年","","AS2","350,000","175,000","2022/05/21 17:24:00","朝霞令和の杜(asakareiwa)","2022/05/21 17:24:00"
"6288a1d0c024116a98606125","朝霞令和の杜","プラン","1人区画3年","3年","","AS1","280,000","140,000","2022/05/21 17:24:48","朝霞令和の杜(asakareiwa)","2022/05/21 17:24:48"
"628b496e3f27d0026b023055","新横浜令和の杜","オプション","その他","","","SY25","","","2022/05/23 17:44:30","横浜令和の杜(yokohamareiwa)","2022/05/24 13:11:48"
"628b4a0521ef2c1deefbecb4","新横浜令和の杜","オプション","埋葬手数料","","","SY24","22,000","22,000","2022/05/23 17:47:01","横浜令和の杜(yokohamareiwa)","2022/09/17 14:33:40"
"628b51d941c90c92426a59d4","新横浜令和の杜","オプション","粉骨加工料","","","SY23","19,800","19,800","2022/05/23 18:20:25","横浜令和の杜(yokohamareiwa)","2022/05/24 13:11:35"
"628c4809e010046bc2fa0088","新横浜令和の杜","オプション","骨壺処分費","","","SY22","1,100","1,100","2022/05/24 11:50:49","横浜令和の杜(yokohamareiwa)","2022/05/24 13:11:30"
"628c489450fe425b25b34ccc","新横浜令和の杜","オプション","【彫刻】墓誌","","","SY21","22,000","22,000","2022/05/24 11:53:08","横浜令和の杜(yokohamareiwa)","2022/05/24 13:11:24"
"628c491b6ffa077572b9c6f8","新横浜令和の杜","オプション","【彫刻】プレート・テラス","","","SY20","55,000","55,000","2022/05/24 11:55:23","横浜令和の杜(yokohamareiwa)","2022/05/24 13:11:18"
"628c498c4f64ab163d705dc2","新横浜令和の杜","オプション","【彫刻】樹木葬区画","","","SY19","33,000","33,000","2022/05/24 11:57:16","横浜令和の杜(yokohamareiwa)","2022/05/24 13:11:14"
"628c49ed464be982d55e495d","新横浜令和の杜","オプション","【彫刻】フリー","","","SY18","","","2022/05/24 11:58:53","横浜令和の杜(yokohamareiwa)","2022/05/24 13:11:08"
"628c4a7f70fbf4cf83ed400c","新横浜令和の杜","オプション","【プレート】テラス墓地セット用","","","SY17","264,000","264,000","2022/05/24 12:01:19","横浜令和の杜(yokohamareiwa)","2023/02/27 17:32:04"
"628c4ace61020e1df59f74e3","新横浜令和の杜","オプション","【プレート】プレート墓地二人用","","","SY16","132,000","132,000","2022/05/24 12:02:38","横浜令和の杜(yokohamareiwa)","2025/10/28 16:18:55"
"628c4b77ec410d10bc8b8815","新横浜令和の杜","オプション","【プレート】樹木葬家族用","","","SY15","55,000","55,000","2022/05/24 12:05:27","横浜令和の杜(yokohamareiwa)","2023/02/27 17:31:53"
"628c4d49d059ad33a1720696","新横浜令和の杜","プラン","年間管理費","","","SY14","","0","2022/05/24 12:13:13","横浜令和の杜(yokohamareiwa)","2022/05/24 13:10:44"
"628c4df4dcc05506977f4cd3","新横浜令和の杜","プラン","檀家向け合葬墓","","","SY13","300,000","100,000","2022/05/24 12:16:04","横浜令和の杜(yokohamareiwa)","2022/05/24 13:10:39"
"628c4e837ea751acb61c2493","新横浜令和の杜","プラン","合葬墓","","","SY12","100,000","50,000","2022/05/24 12:18:27","横浜令和の杜(yokohamareiwa)","2022/05/24 13:10:35"
"628c50e0365b0dda960f26c2","新横浜令和の杜","プラン","（旧）テラス墓地／下段","最終納骨より5年","","SY11","1,800,000","1,000,000","2022/05/24 12:28:32","横浜令和の杜(yokohamareiwa)","2025/10/28 16:05:57"
"628c51056f18c742fe755284","新横浜令和の杜","プラン","（旧）テラス墓地／上段","最終納骨より5年","","SY10","2,000,000","1,200,000","2022/05/24 12:29:09","横浜令和の杜(yokohamareiwa)","2025/10/28 16:07:29"
"628c5224ec410d10bc8b8a8c","新横浜令和の杜","プラン","プレート墓地／家族","最終納骨より5年","","SY9","1,200,000","600,000","2022/05/24 12:33:56","横浜令和の杜(yokohamareiwa)","2025/10/28 16:15:11"
"628c529f365b0dda960f277a","新横浜令和の杜","プラン","プレート墓地／2人区画","最終納骨より5年","","SY8","800,000","400,000","2022/05/24 12:35:59","横浜令和の杜(yokohamareiwa)","2023/08/14 16:55:15"
"628c55f4cdf6b308f1ce34fb","新横浜令和の杜","プラン","（旧）樹木区画／家族20年","最終納骨より3年","","SY7","800,000","400,000","2022/05/24 12:50:12","横浜令和の杜(yokohamareiwa)","2025/10/28 16:16:42"
"628c5909922ed3d3f594c75e","新横浜令和の杜","プラン","樹木区画／2人13年","最終納骨より13年","","SY6","750,000","375,000","2022/05/24 13:03:21","横浜令和の杜(yokohamareiwa)","2022/05/24 13:09:50"
"628c5965c17c88a219e5e6e4","新横浜令和の杜","プラン","樹木区画／2人7年","最終納骨より7年","","SY5","650,000","325,000","2022/05/24 13:04:53","横浜令和の杜(yokohamareiwa)","2022/05/24 13:09:43"
"628c59c47cba901a93a4a8ba","新横浜令和の杜","プラン","樹木区画／2人3年","最終納骨より3年","","SY4","500,000","250,000","2022/05/24 13:06:28","横浜令和の杜(yokohamareiwa)","2022/05/24 13:09:35"
"628c59f5a167ebdcbc6e8d06","新横浜令和の杜","プラン","樹木区画／1人13年","13年","","SY3","600,000","300,000","2022/05/24 13:07:17","横浜令和の杜(yokohamareiwa)","2022/05/24 13:09:27"
"628c5a1b24e040ab95f94cfe","新横浜令和の杜","プラン","樹木区画／1人7年","7年","","SY2","450,000","225,000","2022/05/24 13:07:55","横浜令和の杜(yokohamareiwa)","2022/05/24 13:09:22"
"628c5a3e590b3864f197c894","新横浜令和の杜","プラン","樹木区画／1人3年","3年","","SY1","300,000","150,000","2022/05/24 13:08:30","横浜令和の杜(yokohamareiwa)","2022/09/08 12:18:38"
"62a83b260eb87b2cb41337f9","金沢八景令和の杜","プラン","ペット合葬墓","永代","","Kn15","20,000","8,000","2022/06/14 16:39:18","横浜令和の杜(yokohamareiwa)","2022/06/14 16:39:18"
"62a83b260eb87b2cb41337fa","金沢八景令和の杜","プラン","ペット区画5年","5年","","Kn14","80,000","32,000","2022/06/14 16:39:18","横浜令和の杜(yokohamareiwa)","2022/06/14 16:39:18"
"62a83b260eb87b2cb41337fb","金沢八景令和の杜","プラン","ペット区画3年","3年","","Kn13","50,000","20,000","2022/06/14 16:39:18","横浜令和の杜(yokohamareiwa)","2022/06/14 16:39:18"
"62a83b260eb87b2cb41337fc","金沢八景令和の杜","プラン","合葬墓","永代","","Kn12","100,000","40,000","2022/06/14 16:39:18","横浜令和の杜(yokohamareiwa)","2022/06/14 16:39:18"
"62a83b270eb87b2cb41337fd","金沢八景令和の杜","プラン","家族60年","最終納骨より7年","","Kn11","","","2022/06/14 16:39:19","横浜令和の杜(yokohamareiwa)","2022/06/14 16:39:19"
"62a83b270eb87b2cb41337fe","金沢八景令和の杜","プラン","家族50年","最終納骨より7年","","Kn10","","","2022/06/14 16:39:19","横浜令和の杜(yokohamareiwa)","2022/06/14 16:39:19"
"62a83b270eb87b2cb41337ff","金沢八景令和の杜","プラン","家族30年","最終納骨より7年","","Kn9","900,000","360,000","2022/06/14 16:39:19","横浜令和の杜(yokohamareiwa)","2022/06/14 16:39:19"
"62a83b270eb87b2cb4133800","金沢八景令和の杜","プラン","2人区画13年","最終納骨より13年","","Kn7","700,000","280,000","2022/06/14 16:39:19","横浜令和の杜(yokohamareiwa)","2022/06/14 16:39:19"
"62a83b270eb87b2cb4133801","金沢八景令和の杜","プラン","2人区画7年","最終納骨より7年","","Kn6","550,000","220,000","2022/06/14 16:39:19","横浜令和の杜(yokohamareiwa)","2022/06/14 16:39:19"
"62a83b270eb87b2cb4133802","金沢八景令和の杜","プラン","2人区画3年","最終納骨より3年","","Kn5","450,000","180,000","2022/06/14 16:39:19","横浜令和の杜(yokohamareiwa)","2022/06/14 16:39:19"
"62a83b270eb87b2cb4133803","金沢八景令和の杜","プラン","1人区画13年","13年","","Kn3","450,000","180,000","2022/06/14 16:39:19","横浜令和の杜(yokohamareiwa)","2022/06/14 16:39:19"
"62a83b270eb87b2cb4133804","金沢八景令和の杜","プラン","1人区画7年","7年","","Kn2","350,000","140,000","2022/06/14 16:39:19","横浜令和の杜(yokohamareiwa)","2022/06/14 16:39:19"
"62a83b280eb87b2cb4133805","金沢八景令和の杜","プラン","1人区画3年","3年","","Kn1","280,000","112,000","2022/06/14 16:39:20","横浜令和の杜(yokohamareiwa)","2022/06/14 16:39:20"
"62ad746eb1cfc511486f4891","金沢八景令和の杜","オプション","家族プレート","","","K18","55,000","55,000","2022/06/18 15:45:02","横浜令和の杜(yokohamareiwa)","2022/06/18 15:46:12"
"62ad74e6b1cfc511486f48b2","金沢八景令和の杜","オプション","自由彫刻","","","K19","0","0","2022/06/18 15:47:02","横浜令和の杜(yokohamareiwa)","2022/06/18 15:47:02"
"62baca340ba5a64723d7b6e8","西湘令和の杜","オプション","ファミリープレート","","","S15","88,000","88,000","2022/06/28 18:30:28","西湘令和の杜(seishoureiwa)","2022/06/28 18:31:14"
"62bfd836c490d76a3216b265","新横浜令和の杜","オプション","【彫刻】墓誌（縦型・檀家用）","","","SY26","33,000","33,000","2022/07/02 14:31:34","横浜令和の杜(yokohamareiwa)","2024/10/26 13:17:06"
"62d51d04a50d3b1869adfb20","広尾の杜","プラン","敬個別30年","ご契約時から30年","","HIR40","1,600,000","800,000","2022/07/18 17:42:44","広尾の杜(hiroo)","2022/07/18 17:42:44"
"62d51ebd520a5dfa40c85c95","広尾の杜","プラン","清一人埋葬後5年","5年","","HIR41","700,000","350,000","2022/07/18 17:50:05","広尾の杜(hiroo)","2022/07/18 18:16:35"
"62d51f581d63d1551858fc16","広尾の杜","プラン","清個別埋葬後5年","最終納骨より5年","","HIR42","900,000","450,000","2022/07/18 17:52:40","広尾の杜(hiroo)","2022/07/18 18:16:07"
"62d520120ab46ac6f0d908db","広尾の杜","プラン","敬個別埋葬後5年","最終納骨より5年","","HIR43","1,300,000","650,000","2022/07/18 17:55:46","広尾の杜(hiroo)","2022/07/18 18:16:52"
"62d520a23efef40eba0594c0","広尾の杜","プラン","和個別埋葬後5年","最終納骨より5年","","HIR44","1,700,000","850,000","2022/07/18 17:58:10","広尾の杜(hiroo)","2022/07/18 18:17:05"
"62d52155c0408a019530dc76","広尾の杜","プラン","寂埋葬後5年","最終納骨より5年","","HIR46","1,300,000","650,000","2022/07/18 18:01:09","広尾の杜(hiroo)","2022/07/18 18:17:19"
"6338e89be12d0432c4c72495","新横浜令和の杜","オプション","収骨容器","","","SY27","16,500","16,500","2022/10/02 10:25:47","横浜令和の杜(yokohamareiwa)","2024/05/01 19:05:32"
"6338e8dc2fc4d17e61031fc5","新横浜令和の杜","オプション","6寸骨壺","","","SY28","3,300","3,300","2022/10/02 10:26:52","横浜令和の杜(yokohamareiwa)","2022/10/02 10:26:52"
"635a29f2bbcb68f7d0d4cd70","横浜令和の杜","オプション","定形外彫刻代","","","Y25","5,500","5,500","2022/10/27 15:49:22","横浜令和の杜(yokohamareiwa)","2022/10/27 15:49:58"
"635a3042031188798706e03a","新横浜令和の杜","オプション","定形外彫刻代","","","SY29","5,500","5,500","2022/10/27 16:16:18","横浜令和の杜(yokohamareiwa)","2023/08/14 16:56:21"
"635a309190b65742bca116d3","金沢八景令和の杜","オプション","定形外彫刻代","","","K20","5,500","5,500","2022/10/27 16:17:37","横浜令和の杜(yokohamareiwa)","2022/10/27 16:17:37"
"6475ca74da9b894135dd2b89","横浜令和の杜","プラン","桃テラス　5年","最終納骨より5年","","YT1","1,100,000","385,000","2023/05/30 19:05:40","横浜令和の杜(yokohamareiwa)","2023/05/31 16:03:54"
"6475cb3a20c1617375e0b09f","横浜令和の杜","プラン","桃テラス　20年","ご契約時から20年","","YT2","1,100,000","385,000","2023/05/30 19:08:58","横浜令和の杜(yokohamareiwa)","2023/05/31 16:03:33"
"6475cfe15b713890a9d3b5f4","横浜令和の杜","プラン","桜テラス　5年","最終納骨より5年","","YT3","1,100,000","385,000","2023/05/30 19:28:49","横浜令和の杜(yokohamareiwa)","2023/05/31 16:02:57"
"6475d00ac31c48d0d29a2066","横浜令和の杜","プラン","桜テラス　20年","ご契約時から20年","","YT4","1,100,000","385,000","2023/05/30 19:29:30","横浜令和の杜(yokohamareiwa)","2023/05/31 16:02:26"
"6475d04c2e201e746fbfb58a","横浜令和の杜","プラン","桜テラスご家族　5年","最終納骨より5年","","YT5","1,800,000","630,000","2023/05/30 19:30:36","横浜令和の杜(yokohamareiwa)","2023/05/31 16:01:51"
"6475d0757130d9b9a8f04785","横浜令和の杜","プラン","桜テラスご家族　30年","ご契約時から30年","","YT6","1,800,000","630,000","2023/05/30 19:31:17","横浜令和の杜(yokohamareiwa)","2023/05/31 16:01:25"
"6475d0a3d1a331d2fdf02370","横浜令和の杜","プラン","榎テラス　合葬墓","永代","","YT7","250,000","87,500","2023/05/30 19:32:03","横浜令和の杜(yokohamareiwa)","2023/05/31 16:00:17"
"6475d0d442f6e49a3e6f10bd","横浜令和の杜","オプション","石碑代","","","YT8","132,000","132,000","2023/05/30 19:32:52","横浜令和の杜(yokohamareiwa)","2023/05/30 19:32:52"
"6475d0fe7130d9b9a8f047bc","横浜令和の杜","オプション","ステンレスプレート","","","YT9","27,500","27,500","2023/05/30 19:33:34","横浜令和の杜(yokohamareiwa)","2024/05/09 16:12:37"
"6475d133f74174de206a167e","横浜令和の杜","オプション","納骨手数料","","","YT10","33,000","33,000","2023/05/30 19:34:27","横浜令和の杜(yokohamareiwa)","2023/05/30 19:34:27"
"6475d16242ef9c3e33a2ba49","横浜令和の杜","オプション","桜ファミリー彫刻","","","YT11","33,000","33,000","2023/05/30 19:35:14","横浜令和の杜(yokohamareiwa)","2023/07/25 12:40:53"
"647ef338eb2b791a9a1359cd","朝霞令和の杜","オプション","その他","","","AS17","","","2023/06/06 17:50:00","朝霞令和の杜(asakareiwa)","2023/06/06 17:50:22"
"6499478f37f10f1ade125999","浅草令和の杜","オプション","その他","","","AK12","","","2023/06/26 17:08:47","浅草令和の杜(asakusareiwa)","2023/06/26 17:08:47"
"649ce1fbdac6f02bf1c2010f","浅草令和の杜","プラン","延長","","","AK11","","","2023/06/29 10:44:27","浅草令和の杜(asakusareiwa)","2023/06/29 10:44:27"
"649ce22e1edcbc56472d7d68","浅草令和の杜","オプション","骨壺処分費","","","AK10","1,100","1,100","2023/06/29 10:45:18","浅草令和の杜(asakusareiwa)","2023/06/29 10:45:18"
"649ce265a835396b515253f9","浅草令和の杜","オプション","粉骨加工料","","","AK9","19,800","19,800","2023/06/29 10:46:13","浅草令和の杜(asakusareiwa)","2023/06/29 10:46:13"
"649ce29608dc29c0bc8fd35b","浅草令和の杜","オプション","家族プレート","","","AK8","55,000","55,000","2023/06/29 10:47:02","浅草令和の杜(asakusareiwa)","2023/06/29 10:47:02"
"649ce2c5104db21371d84b55","浅草令和の杜","オプション","墓誌彫刻","","","AK7","22,000","22,000","2023/06/29 10:47:49","浅草令和の杜(asakusareiwa)","2023/06/29 10:47:49"
"649ce2fb17181982ff2ffc74","浅草令和の杜","オプション","プレート彫刻","","","AK6","33,000","33,000","2023/06/29 10:48:43","浅草令和の杜(asakusareiwa)","2023/06/29 10:48:43"
"649ce339ae0238e44acec296","浅草令和の杜","プラン","年間管理費","","","AK5","","0","2023/06/29 10:49:45","浅草令和の杜(asakusareiwa)","2023/06/29 10:49:45"
"649ce37082bba745bd78239a","浅草令和の杜","プラン","合葬墓","永代","","AK4","200,000","80,000","2023/06/29 10:50:40","浅草令和の杜(asakusareiwa)","2023/06/29 10:50:40"
"649ce3ad4bfce8a41eba41fd","浅草令和の杜","プラン","家族30年","最終納骨より5年","","AK3","1,000,000","400,000","2023/06/29 10:51:41","浅草令和の杜(asakusareiwa)","2023/06/29 10:51:41"
"649ce3f3a6da90070fd446f7","浅草令和の杜","プラン","2人区画5年","最終納骨より5年","","AK2","600,000","240,000","2023/06/29 10:52:51","浅草令和の杜(asakusareiwa)","2023/06/29 10:52:51"
"649ce43c63c73d00e1392699","浅草令和の杜","プラン","1人区画5年","5年","","AK1","450,000","180,000","2023/06/29 10:54:04","浅草令和の杜(asakusareiwa)","2023/06/29 10:54:22"
"64bf3ea380ece3b91e03da13","横浜令和の杜","オプション","桜ファミリー彫刻_花コーナー付","","","YT12","44,000","44,000","2023/07/25 12:16:51","横浜令和の杜(yokohamareiwa)","2023/07/25 12:40:33"
"64bf43db3e3b53a1646dbbdd","横浜令和の杜","オプション","桜ファミリーフリー彫刻","","","YT13","","","2023/07/25 12:39:07","横浜令和の杜(yokohamareiwa)","2023/07/25 12:40:05"
"64d9df317ffc189c8aea25d8","新横浜令和の杜","プラン","プレート墓地／2人区画","ご契約時から20年","","SY30","800,000","400,000","2023/08/14 17:00:49","横浜令和の杜(yokohamareiwa)","2023/08/14 17:00:49"
"64d9dfd41823f8cf80c388da","新横浜令和の杜","プラン","（旧）プレート墓地／家族","ご契約時から20年","","SY31","1,200,000","600,000","2023/08/14 17:03:32","横浜令和の杜(yokohamareiwa)","2025/10/28 16:11:11"
"64d9e01e52dc46f8fbe00eca","新横浜令和の杜","プラン","（旧）テラス墓地／上段","ご契約時から20年","","SY32","2,000,000","1,200,000","2023/08/14 17:04:46","横浜令和の杜(yokohamareiwa)","2025/10/28 16:08:30"
"64d9e061a1fa50d33118cd17","新横浜令和の杜","プラン","（旧）テラス墓地／下段","ご契約時から20年","","SY33","1,800,000","1,000,000","2023/08/14 17:05:53","横浜令和の杜(yokohamareiwa)","2025/11/04 11:22:05"
"65167b83629b75771735ff88","シニアライフサポート","プラン","位牌お焚き上げ","","","SEN12","","","2023/09/29 16:23:47","シニアライフサポート(seniorlifesupport)","2023/09/29 16:25:29"
"65167bd35ab5084fc2412419","シニアライフサポート","プラン","遺骨運搬費","","","SEN13","","","2023/09/29 16:25:07","シニアライフサポート(seniorlifesupport)","2023/09/29 16:25:33"
"6551ca9399f6a893d72357a4","金沢八景令和の杜","プラン","梅擬／家族30年","最終納骨より7年","","Kn22","1,080,000","432,000","2023/11/13 16:04:51","横浜令和の杜(yokohamareiwa)","2023/11/13 16:09:14"
"6551cae95c2879d22bfad847","金沢八景令和の杜","プラン","梅擬／2人区画13年","最終納骨より13年","","Kn21","840,000","336,000","2023/11/13 16:06:17","横浜令和の杜(yokohamareiwa)","2023/11/13 16:11:31"
"6551cbefe956d9653d627a11","金沢八景令和の杜","プラン","梅擬／2人区画7年","最終納骨より7年","","Kn20","660,000","264,000","2023/11/13 16:10:39","横浜令和の杜(yokohamareiwa)","2023/11/13 16:12:15"
"6551cc77346ffbae22cb5858","金沢八景令和の杜","プラン","梅擬／2人区画3年","最終納骨より3年","","Kn19","540,000","216,000","2023/11/13 16:12:55","横浜令和の杜(yokohamareiwa)","2023/11/13 16:15:02"
"6551cc9067812bfa968cbc64","金沢八景令和の杜","プラン","梅擬／1人区画13年","13年","","Kn18","540,000","216,000","2023/11/13 16:13:20","横浜令和の杜(yokohamareiwa)","2023/11/13 16:35:53"
"6551d0ffb933e1d9e27c3de1","金沢八景令和の杜","プラン","梅擬／1人区画7年","7年","","Kn17","420,000","168,000","2023/11/13 16:32:15","横浜令和の杜(yokohamareiwa)","2023/11/13 16:35:47"
"6551d17b757c79b8fc51911b","金沢八景令和の杜","プラン","梅擬／1人区画3年","3年","","Kn16","340,000","136,000","2023/11/13 16:34:19","横浜令和の杜(yokohamareiwa)","2023/11/13 16:36:43"
"655854138f73d63bdadcd94f","新横浜令和の杜","プラン","ペット区画3年","3年","","SY34","50,000","25,000","2023/11/18 15:05:07","横浜令和の杜(yokohamareiwa)","2023/11/18 15:06:52"
"6558543bfe6e87b9cc990318","新横浜令和の杜","プラン","ペット区画5年","5年","","SY35","80,000","40,000","2023/11/18 15:05:47","横浜令和の杜(yokohamareiwa)","2023/11/18 15:06:45"
"65585465c43ba0e6d8274eec","新横浜令和の杜","プラン","ペット合葬墓","永代","","SY36","30,000","15,000","2023/11/18 15:06:29","横浜令和の杜(yokohamareiwa)","2023/11/18 15:07:11"
"6632147933dbac645d71dc35","金沢八景令和の杜","オプション","収骨容器","","","Kn23","16,500","16,500","2024/05/01 19:07:53","横浜令和の杜(yokohamareiwa)","2024/07/11 16:24:10"
"663214b7b357e7f4bf9ed449","広尾の杜","オプション","収骨容器（寂・楠区画用）","","","HIR47","16,500","16,500","2024/05/01 19:08:55","広尾の杜(hiroo)","2025/06/22 16:02:18"
"663214dc7ed9389e9c73ccd2","西湘令和の杜","オプション","収骨容器","","","S16","16,500","16,500","2024/05/01 19:09:32","西湘令和の杜(seishoureiwa)","2024/05/01 19:12:32"
"663215037627ed41f917c94b","谷中天龍の杜","オプション","収骨容器","","","ten29","16,500","16,500","2024/05/01 19:10:11","谷中天龍の杜(yanakatenryuu)","2024/05/01 19:12:14"
"6632152a63669139a2e09cda","浅草令和の杜","オプション","収骨容器","","","AK13","16,500","16,500","2024/05/01 19:10:50","浅草令和の杜(asakusareiwa)","2024/05/01 19:13:50"
"663c787e1c72037f7f683d9e","広尾の杜","オプション","収骨容器（和敬清区画用）","","","HIR48","5,500","5,500","2024/05/09 16:17:18","広尾の杜(hiroo)","2024/05/09 16:17:18"
"6656d0566b9c080102c54ab9","新座令和の杜","プラン","桃／1人区画5年","5年","","N19","320,000","160,000","2024/05/29 15:51:02","新座令和の杜(niizareiwa)","2024/05/29 15:52:36"
"6656d0ed416ec58fbdf6de45","新座令和の杜","プラン","桃／1人区画10年","10年","","N20","400,000","200,000","2024/05/29 15:53:33","新座令和の杜(niizareiwa)","2024/05/29 15:53:33"
"6656d124fc5b7084e4eea50c","新座令和の杜","プラン","桃／1人区画20年","20年","","N21","480,000","240,000","2024/05/29 15:54:28","新座令和の杜(niizareiwa)","2024/05/29 15:54:28"
"6656d15771e1b011263a25e0","新座令和の杜","プラン","桃／1人区画30年","30年","","N22","550,000","275,000","2024/05/29 15:55:19","新座令和の杜(niizareiwa)","2025/02/12 12:38:54"
"6656d1892baa5146777bcdec","新座令和の杜","プラン","桃／2人区画3年","最終納骨より3年","","N23","460,000","230,000","2024/05/29 15:56:09","新座令和の杜(niizareiwa)","2024/05/29 15:56:09"
"6656d1b67d1679791096bfcb","新座令和の杜","プラン","桃／2人区画6年","最終納骨より6年","","N24","500,000","250,000","2024/05/29 15:56:54","新座令和の杜(niizareiwa)","2024/05/29 15:56:54"
"6656d1eefc5b7084e4eea55e","新座令和の杜","プラン","桃／2人区画10年","最終納骨より10年","","N25","550,000","275,000","2024/05/29 15:57:50","新座令和の杜(niizareiwa)","2024/05/29 15:57:50"
"6656d23fb89e43cf5ac9d7f6","新座令和の杜","プラン","桃／家族30年","最終納骨より3年","","N26","800,000","400,000","2024/05/29 15:59:11","新座令和の杜(niizareiwa)","2024/05/29 15:59:11"
"669a432155d975e6cc66adac","東福寺令和の杜","オプション","その他","","","TF29","","","2024/07/19 19:42:41","新座令和の杜(niizareiwa)","2024/07/23 19:41:25"
"669a433914c2fd578a8bcb5e","東福寺令和の杜","オプション","埋葬手数料","","","TF28","22,000","22,000","2024/07/19 19:43:05","新座令和の杜(niizareiwa)","2024/07/23 19:41:17"
"669a43b5e64c7b3348758156","東福寺令和の杜","オプション","粉骨加工料","","","TF27","19,800","19,800","2024/07/19 19:45:09","新座令和の杜(niizareiwa)","2024/07/23 19:41:10"
"669a4475f4c1b3c02e58db5e","東福寺令和の杜","オプション","骨壺処分費","","","TF26","1,100","1,100","2024/07/19 19:48:21","新座令和の杜(niizareiwa)","2024/07/23 19:41:03"
"669a44f3f2d859f5a4c86b7b","東福寺令和の杜","オプション","墓誌彫刻","","","TF25","22,000","22,000","2024/07/19 19:50:27","新座令和の杜(niizareiwa)","2024/07/23 19:40:42"
"669a4565a1d4201536e75d58","東福寺令和の杜","オプション","フリー彫刻","","","TF24","","","2024/07/19 19:52:21","新座令和の杜(niizareiwa)","2024/07/23 19:40:51"
"669a45d0ce7058f899835e08","東福寺令和の杜","オプション","定形外彫刻","","","TF23","5,500","5,500","2024/07/19 19:54:08","新座令和の杜(niizareiwa)","2024/07/23 19:40:27"
"669a46f2d917eb3c9548ff7b","東福寺令和の杜","オプション","プレート彫刻","","","TF22","33,000","33,000","2024/07/19 19:58:58","新座令和の杜(niizareiwa)","2024/07/23 19:40:20"
"669a474e903ee5903a9343b4","東福寺令和の杜","オプション","収骨容器","","","TF21","16,500","16,500","2024/07/19 20:00:30","新座令和の杜(niizareiwa)","2024/07/23 19:39:54"
"669a478a92f170956663a5c1","東福寺令和の杜","オプション","ブック区画プレート・台座・香炉","","","TF20","198,000","198,000","2024/07/19 20:01:30","新座令和の杜(niizareiwa)","2024/08/01 16:30:33"
"669a47b0bff29034d77c7aa2","東福寺令和の杜","オプション","フラット区画プレート・香炉","","","TF19","88,000","88,000","2024/07/19 20:02:08","新座令和の杜(niizareiwa)","2024/07/23 19:39:04"
"669a4860e09146eb661a336d","東福寺令和の杜","オプション","キューブ区画プレート","","","TF18","55,000","55,000","2024/07/19 20:05:04","新座令和の杜(niizareiwa)","2024/07/23 19:39:00"
"669a4892acc1c82701cdfbff","東福寺令和の杜","オプション","樹木区画家族プレート","","","TF17","55,000","55,000","2024/07/19 20:05:54","新座令和の杜(niizareiwa)","2024/07/23 19:38:55"
"669a48ad43a4fe31a04466c2","東福寺令和の杜","オプション","樹木区画プレート","","","TF16","27,500","27,500","2024/07/19 20:06:21","新座令和の杜(niizareiwa)","2024/07/23 19:38:50"
"669ce619c28323910ba93679","東福寺令和の杜","プラン","樹木区画延長１年（１霊）","延長1年","","TF15","","","2024/07/21 19:42:33","新座令和の杜(niizareiwa)","2024/07/23 19:38:46"
"669ce6becb2ed9b3764dfd4b","東福寺令和の杜","プラン","ブック区画","ご契約時から20年","","TF14","1,300,000","780,000","2024/07/21 19:45:18","新座令和の杜(niizareiwa)","2024/07/23 19:38:39"
"669ce71836fc5229d8a64e2e","東福寺令和の杜","プラン","ブック区画","最終納骨より5年","","TF13","1,300,000","780,000","2024/07/21 19:46:48","新座令和の杜(niizareiwa)","2024/07/23 19:38:33"
"669f03ca03a2f22de195811f","東福寺令和の杜","プラン","フラット区画","ご契約時から20年","","TF12","1,100,000","660,000","2024/07/23 10:13:46","新座令和の杜(niizareiwa)","2024/07/23 19:38:26"
"669f06ccf42f2504d8effc40","東福寺令和の杜","プラン","フラット区画","最終納骨より5年","","TF11","1,100,000","660,000","2024/07/23 10:26:36","新座令和の杜(niizareiwa)","2024/07/23 19:38:23"
"669f070467ea2452f702b057","東福寺令和の杜","プラン","キューブ区画","ご契約時から20年","","TF10","600,000","360,000","2024/07/23 10:27:32","新座令和の杜(niizareiwa)","2024/07/23 19:38:17"
"669f073c3eadc2de9905e6f1","東福寺令和の杜","プラン","キューブ区画","最終納骨より5年","","TF9","600,000","360,000","2024/07/23 10:28:28","新座令和の杜(niizareiwa)","2024/07/23 19:38:11"
"669f08762c3ec1abb04394ca","東福寺令和の杜","プラン","樹木区画／家族30年","最終納骨より3年","","TF8","800,000","400,000","2024/07/23 10:33:42","新座令和の杜(niizareiwa)","2024/07/23 19:38:06"
"669f85ff91791e1c273f4ab6","東福寺令和の杜","プラン","2人区画10年","最終納骨より10年","","TF7","550,000","275,000","2024/07/23 19:29:19","新座令和の杜(niizareiwa)","2024/07/23 19:38:01"
"669f862ffb54805a698335ff","東福寺令和の杜","プラン","2人区画6年","最終納骨より6年","","TF6","500,000","250,000","2024/07/23 19:30:07","新座令和の杜(niizareiwa)","2024/07/23 19:37:55"
"669f865ecedead3a9d72661b","東福寺令和の杜","プラン","2人区画3年","最終納骨より3年","","TF5","460,000","230,000","2024/07/23 19:30:54","新座令和の杜(niizareiwa)","2024/07/23 19:37:49"
"669f86ab82c7d44401633e45","東福寺令和の杜","プラン","1人区画30年","30年","","TF4","550,000","275,000","2024/07/23 19:32:11","新座令和の杜(niizareiwa)","2024/07/23 19:37:44"
"669f86cf7ca81b6e0e8e1ba1","東福寺令和の杜","プラン","1人区画20年","20年","","TF3","480,000","240,000","2024/07/23 19:32:47","新座令和の杜(niizareiwa)","2024/07/23 19:37:39"
"669f8713a59699342a7702a7","東福寺令和の杜","プラン","1人区画10年","10年","","TF2","400,000","200,000","2024/07/23 19:33:55","新座令和の杜(niizareiwa)","2024/07/23 19:37:33"
"669f87566b39b077925534a7","東福寺令和の杜","プラン","1人区画5年","5年","","TF1","320,000","160,000","2024/07/23 19:35:02","新座令和の杜(niizareiwa)","2024/07/23 19:37:10"
"66a1e4735da7ec99eeedd135","青葉台の杜","オプション","その他","","","AO25","","","2024/07/25 14:36:51","広尾の杜(hiroo)","2024/09/24 17:12:26"
"66a201c0e1314f461734ec2e","青葉台の杜","オプション","埋葬手数料","","","AO24","22,000","22,000","2024/07/25 16:41:52","広尾の杜(hiroo)","2024/09/24 17:12:16"
"66a201fbc7d6c256d3364f31","青葉台の杜","オプション","骨壺処分費","","","AO23","1,100","1,100","2024/07/25 16:42:51","広尾の杜(hiroo)","2024/09/24 17:12:07"
"66a202551d8142e64ac328d5","青葉台の杜","オプション","粉骨加工料","","","AO22","19,800","19,800","2024/07/25 16:44:21","広尾の杜(hiroo)","2024/09/24 17:11:57"
"66a2028725c223b120cd8be4","青葉台の杜","オプション","フリー彫刻","","","AO21","","","2024/07/25 16:45:11","広尾の杜(hiroo)","2024/09/24 17:11:49"
"66a202b55866b1594aa8d865","青葉台の杜","オプション","墓誌彫刻","","","AO20","27,500","27,500","2024/07/25 16:45:57","広尾の杜(hiroo)","2024/09/24 17:11:39"
"66a202ed8b5abf1217d75d1f","青葉台の杜","オプション","収骨容器代","","","AO19","16,500","16,500","2024/07/25 16:46:53","広尾の杜(hiroo)","2024/09/24 17:11:24"
"66a203160b692004198e0975","青葉台の杜","オプション","彫刻料","","","AO18","33,000","33,000","2024/07/25 16:47:34","広尾の杜(hiroo)","2024/09/24 17:11:14"
"66a207a55931ebea298cef7c","青葉台の杜","オプション","家族プレート代","","","AO17","55,000","55,000","2024/07/25 17:07:01","広尾の杜(hiroo)","2024/09/24 17:11:09"
"66a20b5c2ab707be81137130","青葉台の杜","オプション","プレート代","","","AO16","27,500","27,500","2024/07/25 17:22:52","広尾の杜(hiroo)","2024/09/24 17:11:00"
"66a20ce2b6d1a089d78c81c7","青葉台の杜","プラン","延長5年（1霊）","延長5年","","AO15","100,000","50,000","2024/07/25 17:29:22","広尾の杜(hiroo)","2024/09/24 17:10:44"
"66a20d668440bd02735df004","青葉台の杜","プラン","年間管理費","","","AO14","10,000","0","2024/07/25 17:31:34","広尾の杜(hiroo)","2024/09/24 17:10:31"
"66a2112f69e68ed76ecde7b8","青葉台の杜","プラン","【檀家】家族13年","最終納骨より13年","","AO13","1,350,000","675,000","2024/07/25 17:47:43","広尾の杜(hiroo)","2025/01/10 12:45:51"
"66a21161e1314f461734f1a7","青葉台の杜","プラン","【檀家】家族7年","最終納骨より7年","","AO12","1,170,000","585,000","2024/07/25 17:48:33","広尾の杜(hiroo)","2025/01/10 12:45:42"
"66a211afafdad2868871c543","青葉台の杜","プラン","【檀家】2人区画13年","最終納骨より13年","","AO11","900,000","450,000","2024/07/25 17:49:51","広尾の杜(hiroo)","2024/09/24 17:09:53"
"66a211d435d1bce4a64bfadc","青葉台の杜","プラン","【檀家】2人区画7年","最終納骨より7年","","AO10","630,000","315,000","2024/07/25 17:50:28","広尾の杜(hiroo)","2024/09/24 17:10:01"
"66a212009ab5b54ba94e1e1d","青葉台の杜","プラン","【檀家】1人区画13年","13年","","AO9","630,000","315,000","2024/07/25 17:51:12","広尾の杜(hiroo)","2024/09/24 17:09:38"
"66a2122b529f419e3b7b6c1c","青葉台の杜","プラン","【檀家】1人区画7年","7年","","AO8","400,000","200,000","2024/07/25 17:51:55","広尾の杜(hiroo)","2024/09/24 17:09:26"
"66a212662487f49929691e16","青葉台の杜","プラン","家族13年","最終納骨より13年","","AO6","1,500,000","750,000","2024/07/25 17:52:54","広尾の杜(hiroo)","2025/01/10 12:46:48"
"66a2129c69e68ed76ecde857","青葉台の杜","プラン","家族7年","最終納骨より7年","","AO5","1,300,000","650,000","2024/07/25 17:53:48","広尾の杜(hiroo)","2025/01/10 12:46:55"
"66a21387227f5f8bca0b6105","青葉台の杜","プラン","2人区画13年","最終納骨より13年","","AO4","1,000,000","500,000","2024/07/25 17:57:43","広尾の杜(hiroo)","2024/09/24 17:05:42"
"66a213b6138262d8ba34198e","青葉台の杜","プラン","2人区画7年","最終納骨より7年","","AO3","700,000","350,000","2024/07/25 17:58:30","広尾の杜(hiroo)","2024/09/24 17:05:36"
"66a214047d7fb6f7e449d53a","青葉台の杜","プラン","1人区画13年","13年","","AO2","700,000","350,000","2024/07/25 17:59:48","広尾の杜(hiroo)","2024/09/24 17:04:54"
"66a21484d9f9bde487ab109e","青葉台の杜","プラン","1人区画7年","7年","","AO1","450,000","225,000","2024/07/25 18:01:56","広尾の杜(hiroo)","2024/09/24 17:04:38"
"66d405931cac14175902f8ff","東福寺令和の杜","プラン","合葬墓","永代","","TF30","80,000","40,000","2024/09/01 15:11:31","新座令和の杜(niizareiwa)","2024/09/01 15:11:31"
"66f2739deae3d37811254a15","青葉台の杜","プラン","合葬墓","永代","","AO7","300,000","150,000","2024/09/24 17:09:01","広尾の杜(hiroo)","2024/09/24 17:09:01"
"670126a5b0091052f28a4f0f","青葉台の杜","プラン","【檀家】合葬墓","永代","","AO26","270,000","135,000","2024/10/05 20:44:37","広尾の杜(hiroo)","2024/10/05 20:44:52"
"671391d3f96f7c1127f23927","龍口の杜","オプション","その他","","","RYU20","","","2024/10/19 20:02:43","横浜令和の杜(yokohamareiwa)","2024/10/19 20:52:53"
"6713929411b46ff3c81951e7","龍口の杜","オプション","埋葬手数料","","","RYU19","33,000","33,000","2024/10/19 20:05:56","横浜令和の杜(yokohamareiwa)","2024/10/19 20:52:49"
"671392cff1c960d8211f0dab","龍口の杜","オプション","骨壺処分費","","","RYU18","1,100","1,100","2024/10/19 20:06:55","横浜令和の杜(yokohamareiwa)","2024/10/19 20:52:42"
"67139317f1c960d8211f0dc3","龍口の杜","オプション","フリー彫刻","","","RYU17","","","2024/10/19 20:08:07","横浜令和の杜(yokohamareiwa)","2024/10/19 20:52:38"
"6713933d68426fcf5791267a","龍口の杜","オプション","墓誌彫刻","","","RYU16","27,500","27,500","2024/10/19 20:08:45","横浜令和の杜(yokohamareiwa)","2024/10/19 20:52:33"
"6713938c68426fcf57912685","龍口の杜","オプション","収骨容器代","","","RYU15","16,500","16,500","2024/10/19 20:10:04","横浜令和の杜(yokohamareiwa)","2024/10/19 20:52:24"
"671393d0a4775c191838eb7a","龍口の杜","オプション","定形外彫刻料","","","RYU14","5,500","5,500","2024/10/19 20:11:12","横浜令和の杜(yokohamareiwa)","2024/10/19 20:52:17"
"67139483a90c2bca853f5184","龍口の杜","オプション","彫刻料","","","RYU13","33,000","33,000","2024/10/19 20:14:11","横浜令和の杜(yokohamareiwa)","2024/10/19 20:52:08"
"671394dcdb92569511012539","龍口の杜","オプション","家族プレート代","","","RYU12","132,000","132,000","2024/10/19 20:15:40","横浜令和の杜(yokohamareiwa)","2024/10/19 20:51:56"
"671394fa1aa26b851ab72bf2","龍口の杜","オプション","プレート代（個別プラン）","","","RYU11","88,000","88,000","2024/10/19 20:16:10","横浜令和の杜(yokohamareiwa)","2025/07/25 19:51:58"
"67139582b66225071f563767","龍口の杜","プラン","延長料（樹木葬家族プラン）","延長1年","","RYU06","50,000","20,000","2024/10/19 20:18:26","横浜令和の杜(yokohamareiwa)","2024/10/19 20:51:35"
"6713999497ba876d46279fc0","龍口の杜","プラン","合葬墓","永代","","RYU05","200,000","80,000","2024/10/19 20:35:48","横浜令和の杜(yokohamareiwa)","2024/10/19 20:51:26"
"671399eb6af0a99ff2366054","龍口の杜","プラン","ご家族30年","ご契約時から30年","","RYU04","1,500,000","600,000","2024/10/19 20:37:15","横浜令和の杜(yokohamareiwa)","2024/10/19 20:51:19"
"67139a1997ba876d46279fd3","龍口の杜","プラン","ご家族5年","最終納骨より5年","","RYU03","1,500,000","600,000","2024/10/19 20:38:01","横浜令和の杜(yokohamareiwa)","2024/10/19 20:51:13"
"67139a53c81481c47301a89c","龍口の杜","プラン","個別20年","ご契約時から20年","","RYU02","800,000","320,000","2024/10/19 20:38:59","横浜令和の杜(yokohamareiwa)","2024/10/19 20:51:07"
"67139a7a257ad1ee9dc15eb5","龍口の杜","プラン","個別5年","最終納骨より5年","","RYU01","800,000","320,000","2024/10/19 20:39:38","横浜令和の杜(yokohamareiwa)","2024/10/19 20:50:51"
"67139af8d662d82ab13ca670","龍口の杜","プラン","萬霊塔（合葬）","永代","","RYB03","200,000","0","2024/10/19 20:41:44","横浜令和の杜(yokohamareiwa)","2024/10/19 20:50:40"
"67139b2d40e4eea9a8f35c69","龍口の杜","プラン","寂光殿50年","ご契約時から50年","","RYJ02","500,000","200,000","2024/10/19 20:42:37","横浜令和の杜(yokohamareiwa)","2024/10/19 20:49:48"
"67139b6440e4eea9a8f35c8a","龍口の杜","プラン","寂光殿30年","ご契約時から30年","","RYJ01","350,000","140,000","2024/10/19 20:43:32","横浜令和の杜(yokohamareiwa)","2024/10/19 20:49:22"
"675116926d70a56af2e712d5","横浜令和の杜","プラン","新 家族30年","最終納骨より3年","","Y34","1,000,000","350,000","2024/12/05 11:57:22","横浜令和の杜(yokohamareiwa)","2024/12/05 12:39:54"
"67511db4f65b5c22a4c894b8","横浜令和の杜","プラン","新 2人区画10年","最終納骨より10年","","Y33","800,000","280,000","2024/12/05 12:27:48","横浜令和の杜(yokohamareiwa)","2024/12/05 12:39:48"
"67511e9367eca3ec7f24f86c","横浜令和の杜","プラン","新 2人区画6年","最終納骨より6年","","Y32","750,000","262,500","2024/12/05 12:31:31","横浜令和の杜(yokohamareiwa)","2024/12/05 12:39:43"
"67511f0270a1b086647d278d","横浜令和の杜","プラン","新 2人区画3年","最終納骨より3年","","Y31","700,000","245,000","2024/12/05 12:33:22","横浜令和の杜(yokohamareiwa)","2024/12/05 12:39:40"
"67511f723c972ae7c4938f63","横浜令和の杜","プラン","新 1人区画30年","30年","","Y30","750,000","262,500","2024/12/05 12:35:14","横浜令和の杜(yokohamareiwa)","2024/12/05 12:39:35"
"67511fbba1aa4fadd7eacffe","横浜令和の杜","プラン","新 1人区画20年","20年","","Y29","650,000","227,500","2024/12/05 12:36:27","横浜令和の杜(yokohamareiwa)","2024/12/05 12:39:31"
"67511ff16f56713e1d1679e4","横浜令和の杜","プラン","新 1人区画10年","10年","","Y28","500,000","175,000","2024/12/05 12:37:21","横浜令和の杜(yokohamareiwa)","2024/12/05 12:39:27"
"6751201cfd5b725971c5a067","横浜令和の杜","プラン","新 1人区画5年","5年","","Y27","400,000","140,000","2024/12/05 12:38:04","横浜令和の杜(yokohamareiwa)","2024/12/05 12:39:24"
"675a6d9252d1978138769995","龍口の杜","プラン","昴 蓮(20年期限付)白×ピンク 0.36㎡","","","RYU28","2,200,000","1,400,000","2024/12/12 13:58:58","横浜令和の杜(yokohamareiwa)","2024/12/12 14:02:16"
"675a6d9252d1978138769996","龍口の杜","プラン","昴 蓮(20年期限付)白×赤 0.36㎡","","","RYU27","2,200,000","1,400,000","2024/12/12 13:58:58","横浜令和の杜(yokohamareiwa)","2024/12/12 14:02:03"
"675a6d9252d1978138769997","龍口の杜","プラン","昴 蓮(20年期限付)白×グレー 0.36㎡","","","RYU26","2,200,000","1,400,000","2024/12/12 13:58:58","横浜令和の杜(yokohamareiwa)","2024/12/12 14:01:53"
"675a6d9352d1978138769998","龍口の杜","プラン","昴 蓮(20年期限付)白×白 0.36㎡","","","RYU25","1,900,000","1,100,000","2024/12/12 13:58:59","横浜令和の杜(yokohamareiwa)","2024/12/12 14:01:44"
"675a6d9352d1978138769999","龍口の杜","プラン","昴 蓮(永代)白×ピンク 0.36㎡","","","RYU24","2,200,000","1,400,000","2024/12/12 13:58:59","横浜令和の杜(yokohamareiwa)","2024/12/12 13:58:59"
"675a6d9352d197813876999a","龍口の杜","プラン","昴 蓮(永代)白×赤 0.36㎡","","","RYU23","2,200,000","1,400,000","2024/12/12 13:58:59","横浜令和の杜(yokohamareiwa)","2024/12/12 13:58:59"
"675a6d9352d197813876999b","龍口の杜","プラン","昴 蓮(永代)白×グレー 0.36㎡","","","RYU22","2,200,000","1,400,000","2024/12/12 13:58:59","横浜令和の杜(yokohamareiwa)","2024/12/12 13:58:59"
"675a6d9352d197813876999c","龍口の杜","プラン","昴 蓮(永代)白×白 0.36㎡","","","RYU21","1,900,000","1,100,000","2024/12/12 13:58:59","横浜令和の杜(yokohamareiwa)","2024/12/12 13:58:59"
"675a710f90b83615fd16c33b","龍口の杜","プラン","昴 藤(永代)白×ピンク 0.52㎡","","","RYU36","3,100,000","2,000,000","2024/12/12 14:13:51","横浜令和の杜(yokohamareiwa)","2024/12/12 14:13:51"
"675a711090b83615fd16c33c","龍口の杜","プラン","昴 藤(永代)白×赤 0.52㎡","","","RYU35","3,100,000","2,000,000","2024/12/12 14:13:52","横浜令和の杜(yokohamareiwa)","2024/12/12 14:13:52"
"675a711090b83615fd16c33d","龍口の杜","プラン","昴 藤(永代)白×グレー 0.52㎡","","","RYU34","3,100,000","2,000,000","2024/12/12 14:13:52","横浜令和の杜(yokohamareiwa)","2024/12/12 14:13:52"
"675a711090b83615fd16c33e","龍口の杜","プラン","昴 藤(永代)白×白 0.52㎡","","","RYU33","2,700,000","1,600,000","2024/12/12 14:13:52","横浜令和の杜(yokohamareiwa)","2024/12/12 14:13:52"
"675a711090b83615fd16c33f","龍口の杜","プラン","昴 蘭(永代)白×ピンク 0.44㎡","","","RYU32","2,650,000","1,650,000","2024/12/12 14:13:52","横浜令和の杜(yokohamareiwa)","2024/12/12 14:13:52"
"675a711090b83615fd16c340","龍口の杜","プラン","昴 蘭(永代)白×赤 0.44㎡","","","RYU31","2,650,000","1,650,000","2024/12/12 14:13:52","横浜令和の杜(yokohamareiwa)","2024/12/12 14:13:52"
"675a711090b83615fd16c341","龍口の杜","プラン","昴 蘭(永代)白×グレー 0.44㎡","","","RYU30","2,650,000","1,650,000","2024/12/12 14:13:52","横浜令和の杜(yokohamareiwa)","2024/12/12 14:13:52"
"675a711090b83615fd16c342","龍口の杜","プラン","昴 蘭(永代)白×白 0.44㎡","","","RYU29","2,300,000","1,300,000","2024/12/12 14:13:52","横浜令和の杜(yokohamareiwa)","2024/12/12 14:13:52"
"675a74f759dec75137a272e2","龍口の杜","プラン","年間管理費","","","RYU37","","","2024/12/12 14:30:31","横浜令和の杜(yokohamareiwa)","2024/12/13 09:44:04"
"67b6f433e3fb40bd83c03c89","新座令和の杜","プラン","その他","","","N27","","","2025/02/20 18:21:55","新座令和の杜(niizareiwa)","2025/11/03 18:48:12"
"67bdab74d07aae8471e09191","横浜令和の杜","プラン","風テラスキューブ　5年","最終納骨より5年","","YT14","800,000","280,000","2025/02/25 20:37:24","横浜令和の杜(yokohamareiwa)","2025/02/25 20:40:55"
"67bdac15e1f726293a14a140","横浜令和の杜","プラン","風テラスキューブ　20年","ご契約時から20年","","YT15","800,000","280,000","2025/02/25 20:40:05","横浜令和の杜(yokohamareiwa)","2025/02/25 20:40:41"
"67bdac8a5b56ea815c894056","横浜令和の杜","プラン","風テラスプレート　5年","最終納骨より5年","","YT16","1,700,000","595,000","2025/02/25 20:42:02","横浜令和の杜(yokohamareiwa)","2025/02/25 20:43:14"
"67bdacc848de53acf990a2ab","横浜令和の杜","プラン","風テラスプレート　30年","ご契約時から30年","","YT17","1,700,000","595,000","2025/02/25 20:43:04","横浜令和の杜(yokohamareiwa)","2025/03/02 20:06:04"
"67bdad91e186ac59d01aa239","横浜令和の杜","オプション","風テラスCBプレート（定形彫刻代含む）","","","YT18","165,000","165,000","2025/02/25 20:46:25","横浜令和の杜(yokohamareiwa)","2025/02/25 20:46:25"
"67bdadb9f2460f848d9af4af","横浜令和の杜","オプション","風テラスPLプレート（定形彫刻代含む）","","","YT19","220,000","220,000","2025/02/25 20:47:05","横浜令和の杜(yokohamareiwa)","2025/02/25 20:47:05"
"67bdae245f20cd1b6d650b66","横浜令和の杜","オプション","風テラス彫刻ワンポイント","","","YT20","33,000","33,000","2025/02/25 20:48:52","横浜令和の杜(yokohamareiwa)","2025/02/25 20:48:52"
"680dffca228eff00181e25ab","広尾の杜","プラン","楠10年","ご契約時から10年","","HIR49","1,000,000","500,000","2025/04/27 18:58:34","広尾の杜(hiroo)","2025/04/27 19:00:40"
"680e008057f681e7deb0abfe","広尾の杜","プラン","楠20年","ご契約時から20年","","HIR50","1,500,000","750,000","2025/04/27 19:01:36","広尾の杜(hiroo)","2025/04/27 19:01:36"
"680e00ca1b71d0a16a331080","広尾の杜","プラン","楠埋葬後5年","最終納骨より5年","","HIR51","1,500,000","750,000","2025/04/27 19:02:50","広尾の杜(hiroo)","2025/04/27 19:03:26"
"680e1112870c8ce59a5a180a","広尾の杜","プラン","大樹合葬墓","永代","","HIR52","500,000","200,000","2025/04/27 20:12:18","広尾の杜(hiroo)","2025/09/29 12:57:31"
"6814a7787994ea7595f6c47c","町田 久遠の杜","オプション","その他","","","KN19","","","2025/05/02 20:07:36","横浜令和の杜(yokohamareiwa)","2025/10/30 14:45:26"
"6814a7dd73012176788590b9","町田 久遠の杜","オプション","納骨手数料","","","KN18","27,500","27,500","2025/05/02 20:09:17","横浜令和の杜(yokohamareiwa)","2025/05/02 20:41:39"
"6814a803ad313bcd7f073da3","町田 久遠の杜","オプション","骨壺処分費","","","KN17","1,100","1,100","2025/05/02 20:09:55","横浜令和の杜(yokohamareiwa)","2025/05/02 20:41:32"
"6814a84173012176788590cb","町田 久遠の杜","オプション","墓誌彫刻","","","KN16","27,500","27,500","2025/05/02 20:10:57","横浜令和の杜(yokohamareiwa)","2025/05/02 20:41:24"
"6814a8a38d4973e0ef47ea24","町田 久遠の杜","オプション","追加彫刻代","","","KN15","","","2025/05/02 20:12:35","横浜令和の杜(yokohamareiwa)","2025/05/02 20:41:15"
"6814a92a5d9749fd25870fd4","町田 久遠の杜","オプション","【桜花】プレート代・彫刻料","","","KN14","220,000","220,000","2025/05/02 20:14:50","横浜令和の杜(yokohamareiwa)","2025/05/02 20:41:05"
"6814a99b908b69629c758ec8","町田 久遠の杜","オプション","【梅花】プレート代・彫刻料","","","KN13","198,000","198,000","2025/05/02 20:16:43","横浜令和の杜(yokohamareiwa)","2025/05/02 20:40:59"
"6814a9c8626d826e3a7a91fa","町田 久遠の杜","オプション","【桃花】プレート代・彫刻料","","","KN12","165,000","165,000","2025/05/02 20:17:28","横浜令和の杜(yokohamareiwa)","2025/06/02 18:31:49"
"6814aa08f0130376a6d262bc","町田 久遠の杜","オプション","収骨容器","","","KN11","22,000","22,000","2025/05/02 20:18:32","横浜令和の杜(yokohamareiwa)","2025/05/02 20:40:45"
"6814aadf72187c5236325a1b","町田 久遠の杜","プラン","合祀墓【蓮華】","永代","","KN10","150,000","60,000","2025/05/02 20:22:07","横浜令和の杜(yokohamareiwa)","2025/08/20 11:41:27"
"6814ab6afa25b6b8545c0a88","町田 久遠の杜","プラン","桜花","ご契約時から30年","","KN9","2,100,000","840,000","2025/05/02 20:24:26","横浜令和の杜(yokohamareiwa)","2025/05/02 20:40:16"
"6814ab94884efbd2bb2d55eb","町田 久遠の杜","プラン","桜花","ご契約時から20年","","KN8","1,750,000","700,000","2025/05/02 20:25:08","横浜令和の杜(yokohamareiwa)","2025/05/02 20:40:06"
"6814aba9786ca057f9bf47a5","町田 久遠の杜","プラン","桜花","最終納骨より5年","","KN7","1,750,000","700,000","2025/05/02 20:25:29","横浜令和の杜(yokohamareiwa)","2025/05/02 20:39:43"
"6814ac402d58a80b1adf4887","町田 久遠の杜","プラン","梅花","ご契約時から30年","","KN6","1,400,000","560,000","2025/05/02 20:28:00","横浜令和の杜(yokohamareiwa)","2025/05/02 20:38:24"
"6814ac6cccd3c39d1e55b372","町田 久遠の杜","プラン","梅花","ご契約時から20年","","KN5","900,000","360,000","2025/05/02 20:28:44","横浜令和の杜(yokohamareiwa)","2025/05/02 20:38:07"
"6814ac7d5ef59f05e1a0c793","町田 久遠の杜","プラン","梅花","最終納骨より5年","","KN4","900,000","360,000","2025/05/02 20:29:01","横浜令和の杜(yokohamareiwa)","2025/05/02 20:37:57"
"6814acb92f401b5558f16f53","町田 久遠の杜","プラン","桃花","ご契約時から30年","","KN3","600,000","240,000","2025/05/02 20:30:01","横浜令和の杜(yokohamareiwa)","2025/06/03 18:58:09"
"6814acd03444f738fca64ecb","町田 久遠の杜","プラン","桃花","ご契約時から20年","","KN2","450,000","180,000","2025/05/02 20:30:24","横浜令和の杜(yokohamareiwa)","2025/05/02 20:37:29"
"6814acdf8ecfc1dde82f1fe1","町田 久遠の杜","プラン","桃花","最終納骨より5年","","KN1","450,000","180,000","2025/05/02 20:30:39","横浜令和の杜(yokohamareiwa)","2025/05/02 20:37:17"
"6833004ad1d0110c5492ec50","ふうがくの杜","オプション","その他","","","FG25","","","2025/05/25 20:34:34","横浜令和の杜(yokohamareiwa)","2025/08/05 20:53:14"
"6833009ddc81d854c2e48550","ふうがくの杜","オプション","納骨手数料","","","FG24","27,500","27,500","2025/05/25 20:35:57","横浜令和の杜(yokohamareiwa)","2025/08/05 20:53:09"
"683300b6ca765ce3a9bfbee7","ふうがくの杜","オプション","骨壺処分費","","","FG23","1,100","1,100","2025/05/25 20:36:22","横浜令和の杜(yokohamareiwa)","2025/08/05 20:53:02"
"683300d9d9a42c8471fe90ee","ふうがくの杜","オプション","墓誌彫刻","","","FG22","","","2025/05/25 20:36:57","横浜令和の杜(yokohamareiwa)","2025/08/05 20:52:57"
"683300f2d9a42c8471fe90f9","ふうがくの杜","オプション","追加彫刻代","","","FG21","","","2025/05/25 20:37:22","横浜令和の杜(yokohamareiwa)","2025/08/05 20:52:46"
"6833012c6d223d0f6dc2ee68","ふうがくの杜","オプション","【海風】プレート代・彫刻料","","","FG20","220,000","220,000","2025/05/25 20:38:20","横浜令和の杜(yokohamareiwa)","2025/08/05 20:52:41"
"6833015a9e2eb6fe18079f58","ふうがくの杜","オプション","【山風】プレート代・彫刻料","","","FG19","198,000","198,000","2025/05/25 20:39:06","横浜令和の杜(yokohamareiwa)","2025/08/05 20:52:37"
"6833017122e1cffcb0357657","ふうがくの杜","オプション","【空風】プレート代・彫刻料","","","FG18","187,000","187,000","2025/05/25 20:39:29","横浜令和の杜(yokohamareiwa)","2025/08/05 20:52:32"
"683453a925209ea735a4541c","ふうがくの杜","オプション","【葉風・そよ風】プレート代・彫刻料","","","FG17","165,000","165,000","2025/05/26 20:42:33","横浜令和の杜(yokohamareiwa)","2025/08/05 20:52:28"
"6834542aa9087dfb6a71f2be","ふうがくの杜","オプション","収骨容器","","","FG16","22,000","22,000","2025/05/26 20:44:42","横浜令和の杜(yokohamareiwa)","2025/08/05 20:52:24"
"6834544925209ea735a45456","ふうがくの杜","プラン","【海風】年間管理費","","","FG15","7,000","0","2025/05/26 20:45:13","横浜令和の杜(yokohamareiwa)","2025/08/05 20:52:17"
"68345459339fea2226cf8333","ふうがくの杜","プラン","【空風・山風】年間管理費","","","FG14","5,000","0","2025/05/26 20:45:29","横浜令和の杜(yokohamareiwa)","2025/08/05 20:52:12"
"68345483db68da82244f7a43","ふうがくの杜","プラン","【葉風・そよ風】年間管理費","","","FG13","3,000","0","2025/05/26 20:46:11","横浜令和の杜(yokohamareiwa)","2025/08/05 20:52:08"
"68345535713792d376ad6100","ふうがくの杜","プラン","合祀墓【凪】","","","FG12","300,000","75,000","2025/05/26 20:49:09","横浜令和の杜(yokohamareiwa)","2025/08/20 11:40:05"
"6834563416276066fd0f1600","ふうがくの杜","プラン","【葉風・山風・海風】ペット","","","FG11","50,000","12,500","2025/05/26 20:53:24","横浜令和の杜(yokohamareiwa)","2025/08/05 20:51:59"
"6834568a2fae035d06531b35","ふうがくの杜","プラン","海風","ご契約時から30年","","FG10","1,900,000","475,000","2025/05/26 20:54:50","横浜令和の杜(yokohamareiwa)","2025/08/05 20:51:42"
"6834576995b0b6bff8afe559","ふうがくの杜","プラン","海風","最終納骨より5年","","FG9","1,900,000","475,000","2025/05/26 20:58:33","横浜令和の杜(yokohamareiwa)","2025/08/05 20:51:35"
"68345778b506bc57745f0888","ふうがくの杜","プラン","山風","ご契約時から30年","","FG8","1,600,000","400,000","2025/05/26 20:58:48","横浜令和の杜(yokohamareiwa)","2025/08/05 20:51:30"
"68345785921039bb262ff371","ふうがくの杜","プラン","山風","最終納骨より5年","","FG7","1,600,000","400,000","2025/05/26 20:59:01","横浜令和の杜(yokohamareiwa)","2025/08/05 20:51:24"
"68345864576b6f270d9b7b96","ふうがくの杜","プラン","空風","ご契約時から30年","","FG6","1,300,000","325,000","2025/05/26 21:02:44","横浜令和の杜(yokohamareiwa)","2025/08/05 20:51:20"
"68345878576b6f270d9b7ba7","ふうがくの杜","プラン","空風","最終納骨より5年","","FG5","1,300,000","325,000","2025/05/26 21:03:04","横浜令和の杜(yokohamareiwa)","2025/08/05 20:51:15"
"683458d736ad954fad4cab36","ふうがくの杜","プラン","そよ風","ご契約時から20年","","FG4","600,000","150,000","2025/05/26 21:04:39","横浜令和の杜(yokohamareiwa)","2025/08/05 20:51:10"
"683458e330b132c332b65056","ふうがくの杜","プラン","そよ風","最終納骨より5年","","FG3","600,000","150,000","2025/05/26 21:04:51","横浜令和の杜(yokohamareiwa)","2025/08/05 20:51:05"
"683458feaa6a5ecc99d37967","ふうがくの杜","プラン","葉風","ご契約時から20年","","FG2","600,000","150,000","2025/05/26 21:05:18","横浜令和の杜(yokohamareiwa)","2025/08/05 20:51:01"
"6834590b95b0b6bff8afe5a0","ふうがくの杜","プラン","葉風","最終納骨より5年","","FG1","600,000","150,000","2025/05/26 21:05:31","横浜令和の杜(yokohamareiwa)","2025/08/05 20:50:56"
"685a55f6c9c814d6622d9869","麻布　樹木葬　庭園墓　合同墓","プラン","庭園墓F","","","A9","1,800,000","180,000","2025/06/24 16:38:30","麻布　樹木葬　庭園墓　合同墓(azabu)","2025/06/24 16:38:30"
"6861e480870a7fe0efe455e7","西湘令和の杜","プラン","キューブ区画13年","最終納骨より13年","","S17","350,000","140,000","2025/06/30 10:12:32","西湘令和の杜(seishoureiwa)","2025/06/30 10:14:45"
"6861e534cb8c16c206a4c736","西湘令和の杜","プラン","キューブ区画33年","最終納骨より33年","","S18","650,000","260,000","2025/06/30 10:15:32","西湘令和の杜(seishoureiwa)","2025/06/30 10:17:08"
"6861e57f0bdc5dd846ea6792","西湘令和の杜","プラン","プレート区画13年","最終納骨より13年","","S19","650,000","260,000","2025/06/30 10:16:47","西湘令和の杜(seishoureiwa)","2025/06/30 10:16:47"
"6861e5b4f17eee50cac27150","西湘令和の杜","プラン","プレート区画33年","最終納骨より33年","","S20","900,000","360,000","2025/06/30 10:17:40","西湘令和の杜(seishoureiwa)","2025/07/08 12:32:18"
"6861e63a09090269400dd5fd","西湘令和の杜","オプション","キューブ型蓋石","","","S21","66,000","66,000","2025/06/30 10:19:54","西湘令和の杜(seishoureiwa)","2025/06/30 10:19:54"
"686c9176cc5938533f88719a","西湘令和の杜","オプション","プレート型蓋石","","","S22","110,000","110,000","2025/07/08 12:33:10","西湘令和の杜(seishoureiwa)","2025/07/08 12:33:56"
"686c91cdbd3eaf3195be9a2d","西湘令和の杜","オプション","キューブ型彫刻","","","S23","55,000","55,000","2025/07/08 12:34:37","西湘令和の杜(seishoureiwa)","2025/07/08 12:34:37"
"686c91e65ee59730b83d100f","西湘令和の杜","オプション","プレート型彫刻","","","S24","66,000","66,000","2025/07/08 12:35:02","西湘令和の杜(seishoureiwa)","2025/07/08 12:35:29"
"688360a76dde015b858098b3","龍口の杜","プラン","キューブ","最終納骨より5年","","RYU07","800,000","320,000","2025/07/25 19:47:03","横浜令和の杜(yokohamareiwa)","2025/07/25 19:47:03"
"688360bd9512cf043aba86f8","龍口の杜","プラン","キューブ","ご契約時から20年","","RYU08","800,000","320,000","2025/07/25 19:47:25","横浜令和の杜(yokohamareiwa)","2025/07/25 19:47:25"
"688360f29512cf043aba8710","龍口の杜","プラン","プレート","最終納骨より5年","","RYU09","1,500,000","600,000","2025/07/25 19:48:18","横浜令和の杜(yokohamareiwa)","2025/07/25 19:48:18"
"68836110019f41a79066a6e4","龍口の杜","プラン","プレート","ご契約時から20年","","RYU10","1,500,000","600,000","2025/07/25 19:48:48","横浜令和の杜(yokohamareiwa)","2025/07/25 19:48:48"
"6883617e9f57ac7b2faad7bc","龍口の杜","プラン","延長料（キューブ）","延長1年","","RYU37","40,000","16,000","2025/07/25 19:50:38","横浜令和の杜(yokohamareiwa)","2025/07/25 19:50:38"
"688361a8f0ec92ebbcdf6a74","龍口の杜","プラン","延長料（プレート）","延長1年","","RYU38","80,000","32,000","2025/07/25 19:51:20","横浜令和の杜(yokohamareiwa)","2025/07/25 19:51:20"
"6883622685b3171a3ab1038a","龍口の杜","オプション","椿キューブ代（定形彫刻代含む）","","","RYU39","165,000","165,000","2025/07/25 19:53:26","横浜令和の杜(yokohamareiwa)","2025/07/25 19:55:45"
"6883624e14ae8f10b8a4c8e8","龍口の杜","オプション","椿プレート代（定形彫刻代含む）","","","RYU40","198,000","198,000","2025/07/25 19:54:06","横浜令和の杜(yokohamareiwa)","2025/07/25 19:55:25"
"68b940e8550ade7e3f891ff1","金沢八景令和の杜","プラン","憩／プレート","ご契約時から30年","","kn27","1,300,000","520,000","2025/09/04 16:34:00","横浜令和の杜(yokohamareiwa)","2025/09/04 16:34:00"
"68b94112811ce1bf3877e8c8","金沢八景令和の杜","プラン","憩／プレート","最終納骨より5年","","kn26","1,300,000","520,000","2025/09/04 16:34:42","横浜令和の杜(yokohamareiwa)","2025/09/04 16:34:42"
"68b9413877106b812cde59bc","金沢八景令和の杜","プラン","憩／キューブ","ご契約時から20年","","kn25","800,000","320,000","2025/09/04 16:35:20","横浜令和の杜(yokohamareiwa)","2025/09/05 10:16:43"
"68b9416530d6a6de00c45fd5","金沢八景令和の杜","プラン","憩／キューブ","最終納骨より5年","","kn24","800,000","320,000","2025/09/04 16:36:05","横浜令和の杜(yokohamareiwa)","2025/09/04 16:36:19"
"68b9472ff281641a32dbd951","金沢八景令和の杜","オプション","憩／プレート区画　プレート代・彫刻料","","","kn29","198,000","198,000","2025/09/04 17:00:47","横浜令和の杜(yokohamareiwa)","2025/09/04 17:01:44"
"68b9475bdef2697ca7bc98dc","金沢八景令和の杜","オプション","憩／キューブ区画　プレート代・彫刻料","","","kn28","165,000","165,000","2025/09/04 17:01:31","横浜令和の杜(yokohamareiwa)","2025/09/04 17:02:53"
"68b947a26e3728a9cf2eaa66","金沢八景令和の杜","オプション","憩／納骨手数料","","","kn30","27,500","27,500","2025/09/04 17:02:42","横浜令和の杜(yokohamareiwa)","2025/09/04 17:02:42"
"68b947f11079ccd69a2b3629","金沢八景令和の杜","オプション","追加彫刻代","","","kn31","","","2025/09/04 17:04:01","横浜令和の杜(yokohamareiwa)","2025/09/04 17:04:01"
"68da6aa084c29d131f802b95","金沢八景令和の杜","オプション","墓石工事代","","","kn32","","","2025/09/29 20:16:48","横浜令和の杜(yokohamareiwa)","2025/09/29 20:34:50"
"68da6ad64f20e7e72311e0ab","金沢八景令和の杜","プラン","セット墓地使用料_永代 0.42㎡","","","kn33","600,000","0","2025/09/29 20:17:42","横浜令和の杜(yokohamareiwa)","2025/09/29 20:20:55"
"68da6bd3125e593efc356c69","金沢八景令和の杜","プラン","セット墓地使用料_20年 0.42㎡","","","kn34","600,000","0","2025/09/29 20:21:55","横浜令和の杜(yokohamareiwa)","2025/09/29 20:21:55"
"68da6becdc2acfc010e7e084","金沢八景令和の杜","プラン","セット墓地使用料_40年 0.42㎡","","","kn35","840,000","0","2025/09/29 20:22:20","横浜令和の杜(yokohamareiwa)","2025/09/29 20:22:20"
"68da6c110da6c8440b9cbdb3","金沢八景令和の杜","プラン","セット墓地使用料_永代 0.52㎡","","","kn36","700,000","0","2025/09/29 20:22:57","横浜令和の杜(yokohamareiwa)","2025/09/29 20:22:57"
"68da6c2256228bfd39c2ec53","金沢八景令和の杜","プラン","セット墓地使用料_20年 0.52㎡","","","kn37","700,000","0","2025/09/29 20:23:14","横浜令和の杜(yokohamareiwa)","2025/09/29 20:23:14"
"68da6c37dc2acfc010e7e0a2","金沢八景令和の杜","プラン","セット墓地使用料_40年 0.52㎡","","","kn38","980,000","0","2025/09/29 20:23:35","横浜令和の杜(yokohamareiwa)","2025/09/29 20:23:35"
"68da6c71f24f9d1fa148de0c","金沢八景令和の杜","プラン","セット墓地使用料_永代 0.54㎡","","","kn39","600,000","0","2025/09/29 20:24:33","横浜令和の杜(yokohamareiwa)","2025/09/29 20:24:33"
"68da6c801ab8bcc6e21b4587","金沢八景令和の杜","プラン","セット墓地使用料_20年 0.54㎡","","","kn40","600,000","0","2025/09/29 20:24:48","横浜令和の杜(yokohamareiwa)","2025/09/29 20:24:48"
"68da6c9b7e198ee66beb7f5d","金沢八景令和の杜","プラン","セット墓地使用料_40年 0.54㎡","","","kn41","840,000","0","2025/09/29 20:25:15","横浜令和の杜(yokohamareiwa)","2025/09/29 20:25:15"
"68e1f216e63aee55ec3cddb5","龍口の杜","プラン","その他","","","RYU41","","","2025/10/05 13:20:38","横浜令和の杜(yokohamareiwa)","2025/10/05 13:20:38"
"69006b9c1dc0ce4807071b89","新横浜令和の杜","プラン","テラス墓地／下段","最終納骨より5年","","SY37","1,700,000","900,000","2025/10/28 16:07:08","横浜令和の杜(yokohamareiwa)","2025/10/28 16:20:38"
"69006bd08aaa2abfcf3d7b22","新横浜令和の杜","プラン","テラス墓地／上段","最終納骨より5年","","SY38","1,700,000","900,000","2025/10/28 16:08:00","横浜令和の杜(yokohamareiwa)","2025/10/28 16:20:44"
"69006c12b34ec81c3c4612f0","新横浜令和の杜","プラン","テラス墓地／下段","ご契約時から30年","","SY39","1,700,000","900,000","2025/10/28 16:09:06","横浜令和の杜(yokohamareiwa)","2025/10/28 16:20:49"
"69006c5577142b60c7ff9423","新横浜令和の杜","プラン","テラス墓地／上段","ご契約時から30年","","SY40","1,700,000","900,000","2025/10/28 16:10:13","横浜令和の杜(yokohamareiwa)","2025/10/28 16:20:55"
"69006d998078814a919e0bf8","新横浜令和の杜","プラン","プレート墓地／家族","ご契約時から30年","","SY41","1,200,000","600,000","2025/10/28 16:15:37","横浜令和の杜(yokohamareiwa)","2025/10/28 16:20:59"
"69006e0f44b435a0dd14259d","新横浜令和の杜","プラン","樹木区画／家族30年","最終納骨より5年","","SY42","1,200,000","600,000","2025/10/28 16:17:35","横浜令和の杜(yokohamareiwa)","2025/10/28 16:21:04"
"69006e808198dfd6b7dcf5a2","新横浜令和の杜","オプション","【プレート】プレート墓地家族用","","","SY43","220,000","220,000","2025/10/28 16:19:28","横浜令和の杜(yokohamareiwa)","2025/10/28 16:21:09"
"69071d8218be6ad4a7961693","青葉台の杜","プラン","ペット合葬墓","永代","","AO31","50,000","25,000","2025/11/02 17:59:46","広尾の杜(hiroo)","2025/11/02 17:59:46"
"69071dbf18be6ad4a79616b5","青葉台の杜","プラン","桜華","最終納骨より13年","","AO30","1,700,000","850,000","2025/11/02 18:00:47","広尾の杜(hiroo)","2025/11/02 18:30:10"
"69071dda216922e19a8242d4","青葉台の杜","プラン","桜華","最終納骨より7年","","AO29","1,500,000","750,000","2025/11/02 18:01:14","広尾の杜(hiroo)","2025/11/02 18:30:04"
"69071dfafa5d3c06c7eb4e90","青葉台の杜","プラン","蓮華","最終納骨より13年","","AO28","1,000,000","500,000","2025/11/02 18:01:46","広尾の杜(hiroo)","2025/11/02 18:01:46"
"69071e1003651cb42a59aa6c","青葉台の杜","プラン","蓮華","最終納骨より7年","","AO27","800,000","400,000","2025/11/02 18:02:08","広尾の杜(hiroo)","2025/11/02 18:02:08"
"6908225bb578d09232439d97","青葉台の杜","オプション","【桜華】プレート代・彫刻料","","","AO32","198,000","198,000","2025/11/03 12:32:43","広尾の杜(hiroo)","2025/11/03 12:34:54"
"690822aaba5b94aebc06132a","青葉台の杜","オプション","【蓮華】プレート代・彫刻料","","","AO33","165,000","165,000","2025/11/03 12:34:02","広尾の杜(hiroo)","2025/11/03 13:16:46"
"690823965e1091400e1b26bb","青葉台の杜","オプション","追加彫刻代","","","AO34","","","2025/11/03 12:37:58","広尾の杜(hiroo)","2025/11/03 12:38:20"
